[{"_id":"66eff2d1020012736e846cd0","_parentId":"66eff2d1020012736e846cce","_courseId":"66eff2d0020012736e846cc6","_sortOrder":0,"_isEnabled":true,"_isHidden":false,"_isSnapShot":false,"_isTemplate":false,"_type":"article","_createdAt":"2024-09-22T10:34:56.996Z","_createdBy":"66ea7f1126960b02d5ae7fcf","_evolveTags":[],"title":"Welcome to the Course!","_classes":"article-style-2","_hasScrollActionButton":false,"_backgroundImage":{"_size":"initial","_position":"center","_repeat":false},"_mobileBackgroundImage":{"_size":"initial","_position":"center","_repeat":false},"_dividers":{"_before":{"_graphic":{"_large":{"_height":200,"_shouldRepeat":false},"_small":{"_height":200,"_shouldRepeat":false}},"_graphicTextStyles":{"_desktop":{"_fontColor":"transparent"},"_tablet":{"_fontColor":"transparent"},"_mobile":{"_fontColor":"transparent"}},"_isEnabled":false,"_shouldEnableGraphicText":false,"_graphicTextLayout":"top","_graphicTextWidth":100,"_graphicTextTopPadding":0,"_graphicTextBottomPadding":0,"_graphicTextLeftPadding":0,"_graphicTextRightPadding":0},"_after":{"_graphic":{"_large":{"_height":200,"_shouldRepeat":false},"_small":{"_height":200,"_shouldRepeat":false}},"_graphicTextStyles":{"_desktop":{"_fontColor":"transparent"},"_tablet":{"_fontColor":"transparent"},"_mobile":{"_fontColor":"transparent"}},"_isEnabled":false,"_shouldEnableGraphicText":false,"_graphicTextLayout":"top","_graphicTextWidth":100,"_graphicTextTopPadding":0,"_graphicTextBottomPadding":0,"_graphicTextLeftPadding":0,"_graphicTextRightPadding":0}},"_animations":{"_slideInX":{"_isEnabled":false,"_isReverseDirection":false,"_from":50},"_slideInY":{"_isEnabled":false,"_isReverseDirection":false,"_from":50},"_fadeIn":{"_isEnabled":false,"_from":0},"_scaleIn":{"_isEnabled":false,"_from":50},"_delay":0,"_easing":"default"},"_articleIndicator":{"_isEnabled":true},"_bookShelf":{"_isEnabled":false,"_isShelved":false},"_contentLocking":{"_isEnabled":false,"_lockingType":"component","_shouldDisableNotifyOnUnlock":false,"_lockedText":"This article is locked","_lockIcon":"lock","lockIconAriaLabel":"This article is locked","_requiredCompleteIds":[],"_requiredAmount":0,"_lockedApperance":"default"},"_progress":{"_isEnabled":true},"_search":{"_searchTagIds":[]},"_updatedAt":"2024-09-28T10:48:14.485Z","_refId":"66eff2d1020012736e846cd0","__v":0,"_updatedBy":"66ea7f1126960b02d5ae7fcf"},{"_id":"66f804340b34a167280615b1","_parentId":"66f804340b34a167280615ad","_courseId":"66eff2d0020012736e846cc6","_sortOrder":0,"_isEnabled":true,"_isHidden":false,"_isSnapShot":false,"_isTemplate":false,"_type":"article","_createdBy":"66ea7f1126960b02d5ae7fcf","_evolveTags":[],"title":"Course Outline","_classes":"article-style-6","_hasScrollActionButton":false,"_backgroundImage":{"_size":"initial","_position":"center","_repeat":false},"_mobileBackgroundImage":{"_size":"initial","_position":"center","_repeat":false},"_dividers":{"_before":{"_graphic":{"_large":{"_height":200,"_shouldRepeat":false},"_small":{"_height":200,"_shouldRepeat":false}},"_graphicTextStyles":{"_desktop":{"_fontColor":"transparent"},"_tablet":{"_fontColor":"transparent"},"_mobile":{"_fontColor":"transparent"}},"_isEnabled":false,"_shouldEnableGraphicText":false,"_graphicTextLayout":"top","_graphicTextWidth":100,"_graphicTextTopPadding":0,"_graphicTextBottomPadding":0,"_graphicTextLeftPadding":0,"_graphicTextRightPadding":0},"_after":{"_graphic":{"_large":{"_height":200,"_shouldRepeat":false},"_small":{"_height":200,"_shouldRepeat":false}},"_graphicTextStyles":{"_desktop":{"_fontColor":"transparent"},"_tablet":{"_fontColor":"transparent"},"_mobile":{"_fontColor":"transparent"}},"_isEnabled":false,"_shouldEnableGraphicText":false,"_graphicTextLayout":"top","_graphicTextWidth":100,"_graphicTextTopPadding":0,"_graphicTextBottomPadding":0,"_graphicTextLeftPadding":0,"_graphicTextRightPadding":0}},"_animations":{"_slideInX":{"_isEnabled":false,"_isReverseDirection":false,"_from":50},"_slideInY":{"_isEnabled":false,"_isReverseDirection":false,"_from":50},"_fadeIn":{"_isEnabled":false,"_from":0},"_scaleIn":{"_isEnabled":false,"_from":50},"_delay":0,"_easing":"default"},"_articleIndicator":{"_isEnabled":true},"_bookShelf":{"_isEnabled":false,"_isShelved":false},"_contentLocking":{"_isEnabled":false,"_lockingType":"component","_shouldDisableNotifyOnUnlock":false,"_lockedText":"This article is locked","_lockIcon":"lock","lockIconAriaLabel":"This article is locked","_requiredCompleteIds":[],"_requiredAmount":0,"_lockedApperance":"default"},"_progress":{"_isEnabled":true},"_search":{"_searchTagIds":[]},"_createdAt":"2024-09-28T13:27:16.071Z","_updatedAt":"2024-10-03T06:57:54.301Z","_refId":"66f804340b34a167280615b1","__v":0,"_updatedBy":"66ea7f1126960b02d5ae7fcf"},{"_id":"66f81f540b34a16728063709","_parentId":"66f81f540b34a16728063705","_courseId":"66eff2d0020012736e846cc6","_sortOrder":0,"_isEnabled":true,"_isHidden":false,"_isSnapShot":false,"_isTemplate":false,"_type":"article","_createdBy":"66ea7f1126960b02d5ae7fcf","_evolveTags":[],"title":"Course Navigation","_classes":"article-style-6","_hasScrollActionButton":false,"_backgroundImage":{"_size":"initial","_position":"center","_repeat":false},"_mobileBackgroundImage":{"_size":"initial","_position":"center","_repeat":false},"_dividers":{"_before":{"_graphic":{"_large":{"_height":200,"_shouldRepeat":false},"_small":{"_height":200,"_shouldRepeat":false}},"_graphicTextStyles":{"_desktop":{"_fontColor":"transparent"},"_tablet":{"_fontColor":"transparent"},"_mobile":{"_fontColor":"transparent"}},"_isEnabled":false,"_shouldEnableGraphicText":false,"_graphicTextLayout":"top","_graphicTextWidth":100,"_graphicTextTopPadding":0,"_graphicTextBottomPadding":0,"_graphicTextLeftPadding":0,"_graphicTextRightPadding":0},"_after":{"_graphic":{"_large":{"_height":200,"_shouldRepeat":false},"_small":{"_height":200,"_shouldRepeat":false}},"_graphicTextStyles":{"_desktop":{"_fontColor":"transparent"},"_tablet":{"_fontColor":"transparent"},"_mobile":{"_fontColor":"transparent"}},"_isEnabled":false,"_shouldEnableGraphicText":false,"_graphicTextLayout":"top","_graphicTextWidth":100,"_graphicTextTopPadding":0,"_graphicTextBottomPadding":0,"_graphicTextLeftPadding":0,"_graphicTextRightPadding":0}},"_animations":{"_slideInX":{"_isEnabled":false,"_isReverseDirection":false,"_from":50},"_slideInY":{"_isEnabled":false,"_isReverseDirection":false,"_from":50},"_fadeIn":{"_isEnabled":false,"_from":0},"_scaleIn":{"_isEnabled":false,"_from":50},"_delay":0,"_easing":"default"},"_articleIndicator":{"_isEnabled":true},"_bookShelf":{"_isEnabled":false,"_isShelved":false},"_contentLocking":{"_isEnabled":false,"_lockingType":"component","_shouldDisableNotifyOnUnlock":false,"_lockedText":"This article is locked","_lockIcon":"lock","lockIconAriaLabel":"This article is locked","_requiredCompleteIds":[],"_requiredAmount":0,"_lockedApperance":"default"},"_progress":{"_isEnabled":true},"_search":{"_searchTagIds":[]},"_createdAt":"2024-09-28T15:23:00.528Z","_updatedAt":"2024-09-28T15:25:19.368Z","_refId":"66f81f540b34a16728063709","__v":0,"_updatedBy":"66ea7f1126960b02d5ae7fcf"},{"_id":"66f820d90b34a167280637e7","_parentId":"66f820d90b34a167280637e3","_courseId":"66eff2d0020012736e846cc6","_sortOrder":0,"_isEnabled":true,"_isHidden":false,"_isSnapShot":false,"_isTemplate":false,"_type":"article","_createdBy":"66ea7f1126960b02d5ae7fcf","_evolveTags":[],"title":"Activation","_classes":"article-style-6","_hasScrollActionButton":false,"_backgroundImage":{"_size":"initial","_position":"center","_repeat":false},"_mobileBackgroundImage":{"_size":"initial","_position":"center","_repeat":false},"_dividers":{"_before":{"_graphic":{"_large":{"_height":200,"_shouldRepeat":false},"_small":{"_height":200,"_shouldRepeat":false}},"_graphicTextStyles":{"_desktop":{"_fontColor":"transparent"},"_tablet":{"_fontColor":"transparent"},"_mobile":{"_fontColor":"transparent"}},"_isEnabled":false,"_shouldEnableGraphicText":false,"_graphicTextLayout":"top","_graphicTextWidth":100,"_graphicTextTopPadding":0,"_graphicTextBottomPadding":0,"_graphicTextLeftPadding":0,"_graphicTextRightPadding":0},"_after":{"_graphic":{"_large":{"_height":200,"_shouldRepeat":false},"_small":{"_height":200,"_shouldRepeat":false}},"_graphicTextStyles":{"_desktop":{"_fontColor":"transparent"},"_tablet":{"_fontColor":"transparent"},"_mobile":{"_fontColor":"transparent"}},"_isEnabled":false,"_shouldEnableGraphicText":false,"_graphicTextLayout":"top","_graphicTextWidth":100,"_graphicTextTopPadding":0,"_graphicTextBottomPadding":0,"_graphicTextLeftPadding":0,"_graphicTextRightPadding":0}},"_animations":{"_slideInX":{"_isEnabled":false,"_isReverseDirection":false,"_from":50},"_slideInY":{"_isEnabled":false,"_isReverseDirection":false,"_from":50},"_fadeIn":{"_isEnabled":false,"_from":0},"_scaleIn":{"_isEnabled":false,"_from":50},"_delay":0,"_easing":"default"},"_articleIndicator":{"_isEnabled":true},"_bookShelf":{"_isEnabled":false,"_isShelved":false},"_contentLocking":{"_isEnabled":false,"_lockingType":"component","_shouldDisableNotifyOnUnlock":false,"_lockedText":"This article is locked","_lockIcon":"lock","lockIconAriaLabel":"This article is locked","_requiredCompleteIds":[],"_requiredAmount":0,"_lockedApperance":"default"},"_progress":{"_isEnabled":true},"_search":{"_searchTagIds":[]},"_createdAt":"2024-09-28T15:29:29.365Z","_updatedAt":"2024-10-03T06:38:34.011Z","_refId":"66f820d90b34a167280637e7","__v":0,"_updatedBy":"66ea7f1126960b02d5ae7fcf"},{"_id":"66f95b4f0b34a16728068525","_parentId":"66f820d90b34a167280637e3","_courseId":"66eff2d0020012736e846cc6","_sortOrder":1,"_isEnabled":true,"_isHidden":true,"_isSnapShot":false,"_isTemplate":false,"_type":"article","_createdBy":"66ea7f1126960b02d5ae7fcf","_evolveTags":[],"title":"Goals for the Probation Period","_classes":"none","_hasScrollActionButton":false,"_backgroundImage":{"_size":"initial","_position":"center","_repeat":false},"_mobileBackgroundImage":{"_size":"initial","_position":"center","_repeat":false},"_dividers":{"_before":{"_graphic":{"_large":{"_height":200,"_shouldRepeat":false},"_small":{"_height":200,"_shouldRepeat":false}},"_graphicTextStyles":{"_desktop":{"_fontColor":"transparent"},"_tablet":{"_fontColor":"transparent"},"_mobile":{"_fontColor":"transparent"}},"_isEnabled":false,"_shouldEnableGraphicText":false,"_graphicTextLayout":"top","_graphicTextWidth":100,"_graphicTextTopPadding":0,"_graphicTextBottomPadding":0,"_graphicTextLeftPadding":0,"_graphicTextRightPadding":0},"_after":{"_graphic":{"_large":{"_height":200,"_shouldRepeat":false},"_small":{"_height":200,"_shouldRepeat":false}},"_graphicTextStyles":{"_desktop":{"_fontColor":"transparent"},"_tablet":{"_fontColor":"transparent"},"_mobile":{"_fontColor":"transparent"}},"_isEnabled":false,"_shouldEnableGraphicText":false,"_graphicTextLayout":"top","_graphicTextWidth":100,"_graphicTextTopPadding":0,"_graphicTextBottomPadding":0,"_graphicTextLeftPadding":0,"_graphicTextRightPadding":0}},"_animations":{"_slideInX":{"_isEnabled":false,"_isReverseDirection":false,"_from":50},"_slideInY":{"_isEnabled":false,"_isReverseDirection":false,"_from":50},"_fadeIn":{"_isEnabled":false,"_from":0},"_scaleIn":{"_isEnabled":false,"_from":50},"_delay":0,"_easing":"default"},"_articleIndicator":{"_isEnabled":true},"_bookShelf":{"_isEnabled":false,"_isShelved":false},"_contentLocking":{"_isEnabled":false,"_lockingType":"component","_shouldDisableNotifyOnUnlock":false,"_lockedText":"This article is locked","_lockIcon":"lock","lockIconAriaLabel":"This article is locked","_requiredCompleteIds":[],"_requiredAmount":0,"_lockedApperance":"default"},"_progress":{"_isEnabled":true},"_search":{"_searchTagIds":[]},"_createdAt":"2024-09-29T13:51:11.652Z","_updatedAt":"2024-10-03T06:38:35.702Z","_refId":"66f95b4f0b34a16728068525","__v":0,"_updatedBy":"66ea7f1126960b02d5ae7fcf","displayTitle":"Goals for the Probation Period","body":"<p>Probation period goals are set for the new employee, typically for the first 3 months, and are discussed during the first week of onboarding. These goals ensure the new hire can create a plan with tasks to achieve these objectives and progress steadily.</p>"},{"_id":"66f96c070b34a167280686c4","_parentId":"66f820d90b34a167280637e3","_courseId":"66eff2d0020012736e846cc6","_sortOrder":2,"_isEnabled":true,"_isHidden":true,"_isSnapShot":false,"_isTemplate":false,"_type":"article","_createdBy":"66ea7f1126960b02d5ae7fcf","_evolveTags":[],"title":"What is a Well-Structured Goal","_classes":"article-style-6","_hasScrollActionButton":false,"_backgroundImage":{"_size":"initial","_position":"center","_repeat":false},"_mobileBackgroundImage":{"_size":"initial","_position":"center","_repeat":false},"_dividers":{"_before":{"_graphic":{"_large":{"_height":200,"_shouldRepeat":false},"_small":{"_height":200,"_shouldRepeat":false}},"_graphicTextStyles":{"_desktop":{"_fontColor":"transparent"},"_tablet":{"_fontColor":"transparent"},"_mobile":{"_fontColor":"transparent"}},"_isEnabled":false,"_shouldEnableGraphicText":false,"_graphicTextLayout":"top","_graphicTextWidth":100,"_graphicTextTopPadding":0,"_graphicTextBottomPadding":0,"_graphicTextLeftPadding":0,"_graphicTextRightPadding":0},"_after":{"_graphic":{"_large":{"_height":200,"_shouldRepeat":false},"_small":{"_height":200,"_shouldRepeat":false}},"_graphicTextStyles":{"_desktop":{"_fontColor":"transparent"},"_tablet":{"_fontColor":"transparent"},"_mobile":{"_fontColor":"transparent"}},"_isEnabled":false,"_shouldEnableGraphicText":false,"_graphicTextLayout":"top","_graphicTextWidth":100,"_graphicTextTopPadding":0,"_graphicTextBottomPadding":0,"_graphicTextLeftPadding":0,"_graphicTextRightPadding":0}},"_animations":{"_slideInX":{"_isEnabled":false,"_isReverseDirection":false,"_from":50},"_slideInY":{"_isEnabled":false,"_isReverseDirection":false,"_from":50},"_fadeIn":{"_isEnabled":false,"_from":0},"_scaleIn":{"_isEnabled":false,"_from":50},"_delay":0,"_easing":"default"},"_articleIndicator":{"_isEnabled":true},"_bookShelf":{"_isEnabled":false,"_isShelved":false},"_contentLocking":{"_isEnabled":false,"_lockingType":"component","_shouldDisableNotifyOnUnlock":false,"_lockedText":"This article is locked","_lockIcon":"lock","lockIconAriaLabel":"This article is locked","_requiredCompleteIds":[],"_requiredAmount":0,"_lockedApperance":"default"},"_progress":{"_isEnabled":true},"_search":{"_searchTagIds":[]},"_createdAt":"2024-09-29T15:02:31.870Z","_updatedAt":"2024-10-03T06:38:59.547Z","_refId":"66f96c070b34a167280686c4","__v":0,"_updatedBy":"66ea7f1126960b02d5ae7fcf","displayTitle":"What is a Well-Structured Goal"},{"_id":"66f97c080b34a16728069a71","_parentId":"66f820d90b34a167280637e3","_courseId":"66eff2d0020012736e846cc6","_sortOrder":4,"_isEnabled":true,"_isHidden":true,"_isSnapShot":false,"_isTemplate":false,"_type":"article","_createdBy":"66ea7f1126960b02d5ae7fcf","_evolveTags":[],"title":"Quiz","_classes":"none","_hasScrollActionButton":false,"_backgroundImage":{"_size":"initial","_position":"center","_repeat":false},"_mobileBackgroundImage":{"_size":"initial","_position":"center","_repeat":false},"_dividers":{"_before":{"_graphic":{"_large":{"_height":200,"_shouldRepeat":false},"_small":{"_height":200,"_shouldRepeat":false}},"_graphicTextStyles":{"_desktop":{"_fontColor":"transparent"},"_tablet":{"_fontColor":"transparent"},"_mobile":{"_fontColor":"transparent"}},"_isEnabled":false,"_shouldEnableGraphicText":false,"_graphicTextLayout":"top","_graphicTextWidth":100,"_graphicTextTopPadding":0,"_graphicTextBottomPadding":0,"_graphicTextLeftPadding":0,"_graphicTextRightPadding":0},"_after":{"_graphic":{"_large":{"_height":200,"_shouldRepeat":false},"_small":{"_height":200,"_shouldRepeat":false}},"_graphicTextStyles":{"_desktop":{"_fontColor":"transparent"},"_tablet":{"_fontColor":"transparent"},"_mobile":{"_fontColor":"transparent"}},"_isEnabled":false,"_shouldEnableGraphicText":false,"_graphicTextLayout":"top","_graphicTextWidth":100,"_graphicTextTopPadding":0,"_graphicTextBottomPadding":0,"_graphicTextLeftPadding":0,"_graphicTextRightPadding":0}},"_animations":{"_slideInX":{"_isEnabled":false,"_isReverseDirection":false,"_from":50},"_slideInY":{"_isEnabled":false,"_isReverseDirection":false,"_from":50},"_fadeIn":{"_isEnabled":false,"_from":0},"_scaleIn":{"_isEnabled":false,"_from":50},"_delay":0,"_easing":"default"},"_articleIndicator":{"_isEnabled":true},"_bookShelf":{"_isEnabled":false,"_isShelved":false},"_contentLocking":{"_isEnabled":false,"_lockingType":"component","_shouldDisableNotifyOnUnlock":false,"_lockedText":"This article is locked","_lockIcon":"lock","lockIconAriaLabel":"This article is locked","_requiredCompleteIds":[],"_requiredAmount":0,"_lockedApperance":"default"},"_progress":{"_isEnabled":true},"_search":{"_searchTagIds":[]},"_createdAt":"2024-09-29T16:10:48.835Z","_updatedAt":"2024-10-03T06:31:37.681Z","_refId":"66f97c080b34a16728069a71","__v":0,"_updatedBy":"66ea7f1126960b02d5ae7fcf"},{"_id":"66fe37930b34a16728798a8a","_parentId":"66f820d90b34a167280637e3","_courseId":"66eff2d0020012736e846cc6","_sortOrder":3,"_isEnabled":true,"_isHidden":true,"_isSnapShot":false,"_isTemplate":false,"_type":"article","_createdBy":"66ea7f1126960b02d5ae7fcf","_evolveTags":[],"title":"Examples","_classes":"article-style-6","_hasScrollActionButton":false,"_backgroundImage":{"_size":"initial","_position":"center","_repeat":false},"_mobileBackgroundImage":{"_size":"initial","_position":"center","_repeat":false},"_dividers":{"_before":{"_graphic":{"_large":{"_height":200,"_shouldRepeat":false},"_small":{"_height":200,"_shouldRepeat":false}},"_graphicTextStyles":{"_desktop":{"_fontColor":"transparent"},"_tablet":{"_fontColor":"transparent"},"_mobile":{"_fontColor":"transparent"}},"_isEnabled":false,"_shouldEnableGraphicText":false,"_graphicTextLayout":"top","_graphicTextWidth":100,"_graphicTextTopPadding":0,"_graphicTextBottomPadding":0,"_graphicTextLeftPadding":0,"_graphicTextRightPadding":0},"_after":{"_graphic":{"_large":{"_height":200,"_shouldRepeat":false},"_small":{"_height":200,"_shouldRepeat":false}},"_graphicTextStyles":{"_desktop":{"_fontColor":"transparent"},"_tablet":{"_fontColor":"transparent"},"_mobile":{"_fontColor":"transparent"}},"_isEnabled":false,"_shouldEnableGraphicText":false,"_graphicTextLayout":"top","_graphicTextWidth":100,"_graphicTextTopPadding":0,"_graphicTextBottomPadding":0,"_graphicTextLeftPadding":0,"_graphicTextRightPadding":0}},"_animations":{"_slideInX":{"_isEnabled":false,"_isReverseDirection":false,"_from":50},"_slideInY":{"_isEnabled":false,"_isReverseDirection":false,"_from":50},"_fadeIn":{"_isEnabled":false,"_from":0},"_scaleIn":{"_isEnabled":false,"_from":50},"_delay":0,"_easing":"default"},"_articleIndicator":{"_isEnabled":true},"_bookShelf":{"_isEnabled":false,"_isShelved":false},"_contentLocking":{"_isEnabled":false,"_lockingType":"component","_shouldDisableNotifyOnUnlock":false,"_lockedText":"This article is locked","_lockIcon":"lock","lockIconAriaLabel":"This article is locked","_requiredCompleteIds":[],"_requiredAmount":0,"_lockedApperance":"default"},"_progress":{"_isEnabled":true},"_search":{"_searchTagIds":[]},"_createdAt":"2024-10-03T06:20:03.683Z","_updatedAt":"2024-10-03T06:41:09.201Z","_refId":"66fe37930b34a16728798a8a","__v":0,"_updatedBy":"66ea7f1126960b02d5ae7fcf"}]
