[{"_id":"66f7dadb0b34a1672805fcc6","_parentId":"66eff2d1020012736e846cd0","_courseId":"66eff2d0020012736e846cc6","_sortOrder":0,"_isEnabled":true,"_isHidden":false,"_isSnapShot":false,"_isTemplate":false,"_type":"block","_createdBy":"66ea7f1126960b02d5ae7fcf","_evolveTags":[],"title":"New Block Title","_classes":"","_singleWidthComponentLayout":"default","_singleWidthIsCentered":true,"_componentsVerticalAlignment":"center","_reverseMobileComponentOrder":false,"_animations":{"_full":{"_slideInX":{"_isEnabled":false,"_isReverseDirection":false,"_from":50},"_slideInY":{"_isEnabled":false,"_isReverseDirection":false,"_from":50},"_fadeIn":{"_isEnabled":false,"_from":0},"_scaleIn":{"_isEnabled":false,"_from":50},"_isEnabled":false,"_delay":0,"_easing":"default"},"_left":{"_slideInX":{"_isEnabled":false,"_isReverseDirection":false,"_from":50},"_slideInY":{"_isEnabled":false,"_isReverseDirection":false,"_from":50},"_fadeIn":{"_isEnabled":false,"_from":0},"_scaleIn":{"_isEnabled":false,"_from":50},"_isEnabled":false,"_delay":0,"_easing":"default"},"_right":{"_slideInX":{"_isEnabled":false,"_isReverseDirection":false,"_from":50},"_slideInY":{"_isEnabled":false,"_isReverseDirection":false,"_from":50},"_fadeIn":{"_isEnabled":false,"_from":0},"_scaleIn":{"_isEnabled":false,"_from":50},"_isEnabled":false,"_delay":0,"_easing":"default"}},"_courseAttainment":{"_isEnabled":false},"_search":{"_searchTagIds":[]},"_createdAt":"2024-09-28T10:30:51.226Z","_updatedAt":"2024-09-28T10:47:24.219Z","_refId":"66f7dadb0b34a1672805fcc6","__v":0,"_updatedBy":"66ea7f1126960b02d5ae7fcf"},{"_id":"66f804c90b34a16728061647","_parentId":"66f804340b34a167280615b1","_courseId":"66eff2d0020012736e846cc6","_sortOrder":0,"_isEnabled":true,"_isHidden":false,"_isSnapShot":false,"_isTemplate":false,"_type":"block","_createdBy":"66ea7f1126960b02d5ae7fcf","_evolveTags":[],"title":"Intro","_classes":"","_singleWidthComponentLayout":"default","_singleWidthIsCentered":true,"_componentsVerticalAlignment":"center","_reverseMobileComponentOrder":false,"_animations":{"_full":{"_slideInX":{"_isEnabled":false,"_isReverseDirection":false,"_from":50},"_slideInY":{"_isEnabled":false,"_isReverseDirection":false,"_from":50},"_fadeIn":{"_isEnabled":false,"_from":0},"_scaleIn":{"_isEnabled":false,"_from":50},"_isEnabled":false,"_delay":0,"_easing":"default"},"_left":{"_slideInX":{"_isEnabled":false,"_isReverseDirection":false,"_from":50},"_slideInY":{"_isEnabled":false,"_isReverseDirection":false,"_from":50},"_fadeIn":{"_isEnabled":false,"_from":0},"_scaleIn":{"_isEnabled":false,"_from":50},"_isEnabled":false,"_delay":0,"_easing":"default"},"_right":{"_slideInX":{"_isEnabled":false,"_isReverseDirection":false,"_from":50},"_slideInY":{"_isEnabled":false,"_isReverseDirection":false,"_from":50},"_fadeIn":{"_isEnabled":false,"_from":0},"_scaleIn":{"_isEnabled":false,"_from":50},"_isEnabled":false,"_delay":0,"_easing":"default"}},"_courseAttainment":{"_isEnabled":false},"_search":{"_searchTagIds":[]},"_createdAt":"2024-09-28T13:29:45.862Z","_updatedAt":"2024-09-28T14:00:25.209Z","_refId":"66f804c90b34a16728061647","__v":0,"_updatedBy":"66ea7f1126960b02d5ae7fcf"},{"_id":"66f8058e0b34a16728061738","_parentId":"66f804340b34a167280615b1","_courseId":"66eff2d0020012736e846cc6","_sortOrder":1,"_isEnabled":true,"_isHidden":false,"_isSnapShot":false,"_isTemplate":false,"_type":"block","_createdBy":"66ea7f1126960b02d5ae7fcf","_evolveTags":[],"title":"New Block Title","_classes":"","_singleWidthComponentLayout":"default","_singleWidthIsCentered":true,"_componentsVerticalAlignment":"top","_reverseMobileComponentOrder":false,"_animations":{"_full":{"_slideInX":{"_isEnabled":false,"_isReverseDirection":false,"_from":50},"_slideInY":{"_isEnabled":false,"_isReverseDirection":false,"_from":50},"_fadeIn":{"_isEnabled":false,"_from":0},"_scaleIn":{"_isEnabled":false,"_from":50},"_isEnabled":false,"_delay":0,"_easing":"default"},"_left":{"_slideInX":{"_isEnabled":false,"_isReverseDirection":false,"_from":50},"_slideInY":{"_isEnabled":false,"_isReverseDirection":false,"_from":50},"_fadeIn":{"_isEnabled":false,"_from":0},"_scaleIn":{"_isEnabled":false,"_from":50},"_isEnabled":false,"_delay":0,"_easing":"default"},"_right":{"_slideInX":{"_isEnabled":false,"_isReverseDirection":false,"_from":50},"_slideInY":{"_isEnabled":false,"_isReverseDirection":false,"_from":50},"_fadeIn":{"_isEnabled":false,"_from":0},"_scaleIn":{"_isEnabled":false,"_from":50},"_isEnabled":false,"_delay":0,"_easing":"default"}},"_courseAttainment":{"_isEnabled":false},"_search":{"_searchTagIds":[]},"_createdAt":"2024-09-28T13:33:02.868Z","_updatedAt":"2024-09-28T13:59:22.303Z","_refId":"66f8058e0b34a16728061738","__v":0,"_updatedBy":"66ea7f1126960b02d5ae7fcf","displayTitle":"Course Outline","body":"<hr><h3><strong>Section 1: Seven Key Steps of the Onboarding Plan</strong></h3><p>In this section, you&rsquo;ll explore the foundational steps required for successful onboarding. You&#39;ll learn to distinguish between essential and optional steps and choose tools that best suit your team&rsquo;s needs.</p><hr><h3><strong>Section 2: How to Present the Company&#39;s Mission, Goals, Culture, and Values</strong></h3><p>Here, you&rsquo;ll learn how to communicate your company&rsquo;s mission, goals, and values to new hires in a way that resonates and helps them quickly understand and adopt your company culture.</p><hr><h3><strong>Section 3: How to Introduce the Team and Overview Crucial Processes</strong></h3><p>This section covers how to introduce new employees to the team and provide a clear overview of the most important processes in your organization, ensuring new hires feel informed and connected from the start.</p><hr><h3><strong>Section 4: How to Set Goals for the New Employee</strong></h3><p>Learn to set effective, achievable goals using SMART criteria. This will ensure that your new hires have a clear understanding of their roles and know what success looks like from day one.</p><hr><h3><strong>Section 5: How to Run Check-In Meetings</strong></h3><p>In this section, you&rsquo;ll learn the best practices for conducting check-ins with new employees, fostering open communication, and ensuring that they are staying on track during their onboarding process.</p><hr><h3><strong>Section 6: How to Take Stock of the Onboarding</strong></h3><p>You&rsquo;ll learn how to evaluate the success of the onboarding process, collect feedback, and identify opportunities for improvement to continually refine and optimize your approach.</p><hr><h3><strong>Section 7: How to Tailor the Onboarding Plan for the Particular Employee</strong></h3><p>This final section focuses on personalizing the onboarding experience. You&rsquo;ll gain the skills to adapt onboarding plans based on the unique needs of each new hire, ensuring a more tailored and effective integration.</p><hr><h3><strong>Toolkit</strong></h3><ul><li><strong>Onboarding Plan Template</strong></li><li><strong>Checklist for Successful Onboarding</strong></li><li><strong>Additional Resources</strong></li></ul>"},{"_id":"66f81f540b34a1672806370d","_parentId":"66f81f540b34a16728063709","_courseId":"66eff2d0020012736e846cc6","_sortOrder":0,"_isEnabled":true,"_isHidden":false,"_isSnapShot":false,"_isTemplate":false,"_type":"block","_createdBy":"66ea7f1126960b02d5ae7fcf","_evolveTags":[],"title":"New Block Title","_classes":"","_singleWidthComponentLayout":"default","_singleWidthIsCentered":false,"_componentsVerticalAlignment":"top","_reverseMobileComponentOrder":false,"_animations":{"_full":{"_slideInX":{"_isEnabled":false,"_isReverseDirection":false,"_from":50},"_slideInY":{"_isEnabled":false,"_isReverseDirection":false,"_from":50},"_fadeIn":{"_isEnabled":false,"_from":0},"_scaleIn":{"_isEnabled":false,"_from":50},"_isEnabled":false,"_delay":0,"_easing":"default"},"_left":{"_slideInX":{"_isEnabled":false,"_isReverseDirection":false,"_from":50},"_slideInY":{"_isEnabled":false,"_isReverseDirection":false,"_from":50},"_fadeIn":{"_isEnabled":false,"_from":0},"_scaleIn":{"_isEnabled":false,"_from":50},"_isEnabled":false,"_delay":0,"_easing":"default"},"_right":{"_slideInX":{"_isEnabled":false,"_isReverseDirection":false,"_from":50},"_slideInY":{"_isEnabled":false,"_isReverseDirection":false,"_from":50},"_fadeIn":{"_isEnabled":false,"_from":0},"_scaleIn":{"_isEnabled":false,"_from":50},"_isEnabled":false,"_delay":0,"_easing":"default"}},"_courseAttainment":{"_isEnabled":false},"_search":{"_searchTagIds":[]},"_createdAt":"2024-09-28T15:23:00.555Z","_updatedAt":"2024-09-28T17:14:54.129Z","_refId":"66f81f540b34a1672806370d","__v":0,"_updatedBy":"66ea7f1126960b02d5ae7fcf","displayTitle":"Course Navigation","body":"<p>Choose the section to start learning.</p>"},{"_id":"66f820d90b34a167280637eb","_parentId":"66f820d90b34a167280637e7","_courseId":"66eff2d0020012736e846cc6","_sortOrder":0,"_isEnabled":true,"_isHidden":false,"_isSnapShot":false,"_isTemplate":false,"_type":"block","_createdBy":"66ea7f1126960b02d5ae7fcf","_evolveTags":[],"title":"New Block Title","_classes":"","_singleWidthComponentLayout":"default","_singleWidthIsCentered":true,"_componentsVerticalAlignment":"top","_reverseMobileComponentOrder":false,"_animations":{"_full":{"_slideInX":{"_isEnabled":false,"_isReverseDirection":false,"_from":50},"_slideInY":{"_isEnabled":false,"_isReverseDirection":false,"_from":50},"_fadeIn":{"_isEnabled":false,"_from":0},"_scaleIn":{"_isEnabled":false,"_from":50},"_isEnabled":false,"_delay":0,"_easing":"default"},"_left":{"_slideInX":{"_isEnabled":false,"_isReverseDirection":false,"_from":50},"_slideInY":{"_isEnabled":false,"_isReverseDirection":false,"_from":50},"_fadeIn":{"_isEnabled":false,"_from":0},"_scaleIn":{"_isEnabled":false,"_from":50},"_isEnabled":false,"_delay":0,"_easing":"default"},"_right":{"_slideInX":{"_isEnabled":false,"_isReverseDirection":false,"_from":50},"_slideInY":{"_isEnabled":false,"_isReverseDirection":false,"_from":50},"_fadeIn":{"_isEnabled":false,"_from":0},"_scaleIn":{"_isEnabled":false,"_from":50},"_isEnabled":false,"_delay":0,"_easing":"default"}},"_courseAttainment":{"_isEnabled":false},"_search":{"_searchTagIds":[]},"_createdAt":"2024-09-28T15:29:29.375Z","_updatedAt":"2024-09-29T13:30:41.917Z","_refId":"66f820d90b34a167280637eb","__v":0,"_updatedBy":"66ea7f1126960b02d5ae7fcf","displayTitle":"What You Already Know","body":"<p>Before we start this section, we&#39;d like to assess your current understanding of setting goals for new employees. This short quiz will help you reflect on what you already know and prepare you for the concepts we&rsquo;ll cover. It&#39;s a great way to get warmed up for the learning ahead!</p>"},{"_id":"66f8237e0b34a16728063af0","_parentId":"66f81f540b34a16728063709","_courseId":"66eff2d0020012736e846cc6","_sortOrder":4,"_isEnabled":true,"_isHidden":false,"_isSnapShot":false,"_isTemplate":false,"_type":"block","_createdBy":"66ea7f1126960b02d5ae7fcf","_evolveTags":[],"title":"New Block Title","_classes":"","_singleWidthComponentLayout":"default","_singleWidthIsCentered":true,"_componentsVerticalAlignment":"top","_reverseMobileComponentOrder":false,"_animations":{"_full":{"_slideInX":{"_isEnabled":false,"_isReverseDirection":false,"_from":50},"_slideInY":{"_isEnabled":false,"_isReverseDirection":false,"_from":50},"_fadeIn":{"_isEnabled":false,"_from":0},"_scaleIn":{"_isEnabled":false,"_from":50},"_isEnabled":false,"_delay":0,"_easing":"default"},"_left":{"_slideInX":{"_isEnabled":false,"_isReverseDirection":false,"_from":50},"_slideInY":{"_isEnabled":false,"_isReverseDirection":false,"_from":50},"_fadeIn":{"_isEnabled":false,"_from":0},"_scaleIn":{"_isEnabled":false,"_from":50},"_isEnabled":false,"_delay":0,"_easing":"default"},"_right":{"_slideInX":{"_isEnabled":false,"_isReverseDirection":false,"_from":50},"_slideInY":{"_isEnabled":false,"_isReverseDirection":false,"_from":50},"_fadeIn":{"_isEnabled":false,"_from":0},"_scaleIn":{"_isEnabled":false,"_from":50},"_isEnabled":false,"_delay":0,"_easing":"default"}},"_courseAttainment":{"_isEnabled":false},"_search":{"_searchTagIds":[]},"_createdAt":"2024-09-28T15:40:46.667Z","_updatedAt":"2024-09-28T15:40:46.667Z","_refId":"66f8237e0b34a16728063af0","__v":0},{"_id":"66f83aa80b34a16728063cc2","_parentId":"66f81f540b34a16728063709","_courseId":"66eff2d0020012736e846cc6","_sortOrder":1,"_isEnabled":true,"_isHidden":false,"_isSnapShot":false,"_isTemplate":false,"_type":"block","_createdBy":"66ea7f1126960b02d5ae7fcf","_evolveTags":[],"title":"New Block Title","displayTitle":"","body":"","_classes":"","_singleWidthComponentLayout":"default","_singleWidthIsCentered":false,"_componentsVerticalAlignment":"top","_reverseMobileComponentOrder":false,"_animations":{"_full":{"_isEnabled":false,"_slideInX":{"_isEnabled":false,"_isReverseDirection":false,"_from":50},"_slideInY":{"_isEnabled":false,"_isReverseDirection":false,"_from":50},"_fadeIn":{"_isEnabled":false,"_from":0},"_scaleIn":{"_isEnabled":false,"_from":50},"_delay":0,"_easing":"default"},"_left":{"_isEnabled":false,"_slideInX":{"_isEnabled":false,"_isReverseDirection":false,"_from":50},"_slideInY":{"_isEnabled":false,"_isReverseDirection":false,"_from":50},"_fadeIn":{"_isEnabled":false,"_from":0},"_scaleIn":{"_isEnabled":false,"_from":50},"_delay":0,"_easing":"default"},"_right":{"_isEnabled":false,"_slideInX":{"_isEnabled":false,"_isReverseDirection":false,"_from":50},"_slideInY":{"_isEnabled":false,"_isReverseDirection":false,"_from":50},"_fadeIn":{"_isEnabled":false,"_from":0},"_scaleIn":{"_isEnabled":false,"_from":50},"_delay":0,"_easing":"default"}},"_courseAttainment":{"_isEnabled":false},"_search":{"_searchTagIds":[]},"__v":0,"_createdAt":"2024-09-28T17:19:36.694Z","_updatedAt":"2024-09-29T13:09:52.161Z","_refId":"66f83aa80b34a16728063cc2","_updatedBy":"66ea7f1126960b02d5ae7fcf"},{"_id":"66f83aaf0b34a16728063cef","_parentId":"66f81f540b34a16728063709","_courseId":"66eff2d0020012736e846cc6","_sortOrder":2,"_isEnabled":true,"_isHidden":false,"_isSnapShot":false,"_isTemplate":false,"_type":"block","_createdBy":"66ea7f1126960b02d5ae7fcf","_evolveTags":[],"title":"New Block Title","displayTitle":"","body":"","_classes":"","_singleWidthComponentLayout":"default","_singleWidthIsCentered":false,"_componentsVerticalAlignment":"top","_reverseMobileComponentOrder":false,"_animations":{"_full":{"_isEnabled":false,"_slideInX":{"_isEnabled":false,"_isReverseDirection":false,"_from":50},"_slideInY":{"_isEnabled":false,"_isReverseDirection":false,"_from":50},"_fadeIn":{"_isEnabled":false,"_from":0},"_scaleIn":{"_isEnabled":false,"_from":50},"_delay":0,"_easing":"default"},"_left":{"_isEnabled":false,"_slideInX":{"_isEnabled":false,"_isReverseDirection":false,"_from":50},"_slideInY":{"_isEnabled":false,"_isReverseDirection":false,"_from":50},"_fadeIn":{"_isEnabled":false,"_from":0},"_scaleIn":{"_isEnabled":false,"_from":50},"_delay":0,"_easing":"default"},"_right":{"_isEnabled":false,"_slideInX":{"_isEnabled":false,"_isReverseDirection":false,"_from":50},"_slideInY":{"_isEnabled":false,"_isReverseDirection":false,"_from":50},"_fadeIn":{"_isEnabled":false,"_from":0},"_scaleIn":{"_isEnabled":false,"_from":50},"_delay":0,"_easing":"default"}},"_courseAttainment":{"_isEnabled":false},"_search":{"_searchTagIds":[]},"__v":0,"_createdAt":"2024-09-28T17:19:43.637Z","_updatedAt":"2024-09-29T13:10:00.522Z","_refId":"66f83aaf0b34a16728063cef","_updatedBy":"66ea7f1126960b02d5ae7fcf"},{"_id":"66f83ab50b34a16728063d1c","_parentId":"66f81f540b34a16728063709","_courseId":"66eff2d0020012736e846cc6","_sortOrder":3,"_isEnabled":true,"_isHidden":false,"_isSnapShot":false,"_isTemplate":false,"_type":"block","_createdBy":"66ea7f1126960b02d5ae7fcf","_evolveTags":[],"title":"New Block Title","displayTitle":"","body":"","_classes":"","_singleWidthComponentLayout":"default","_singleWidthIsCentered":false,"_componentsVerticalAlignment":"top","_reverseMobileComponentOrder":false,"_animations":{"_full":{"_isEnabled":false,"_slideInX":{"_isEnabled":false,"_isReverseDirection":false,"_from":50},"_slideInY":{"_isEnabled":false,"_isReverseDirection":false,"_from":50},"_fadeIn":{"_isEnabled":false,"_from":0},"_scaleIn":{"_isEnabled":false,"_from":50},"_delay":0,"_easing":"default"},"_left":{"_isEnabled":false,"_slideInX":{"_isEnabled":false,"_isReverseDirection":false,"_from":50},"_slideInY":{"_isEnabled":false,"_isReverseDirection":false,"_from":50},"_fadeIn":{"_isEnabled":false,"_from":0},"_scaleIn":{"_isEnabled":false,"_from":50},"_delay":0,"_easing":"default"},"_right":{"_isEnabled":false,"_slideInX":{"_isEnabled":false,"_isReverseDirection":false,"_from":50},"_slideInY":{"_isEnabled":false,"_isReverseDirection":false,"_from":50},"_fadeIn":{"_isEnabled":false,"_from":0},"_scaleIn":{"_isEnabled":false,"_from":50},"_delay":0,"_easing":"default"}},"_courseAttainment":{"_isEnabled":false},"_search":{"_searchTagIds":[]},"__v":0,"_createdAt":"2024-09-28T17:19:49.459Z","_updatedAt":"2024-09-29T13:10:11.822Z","_refId":"66f83ab50b34a16728063d1c","_updatedBy":"66ea7f1126960b02d5ae7fcf"},{"_id":"66f95b4f0b34a16728068529","_parentId":"66f95b4f0b34a16728068525","_courseId":"66eff2d0020012736e846cc6","_sortOrder":0,"_isEnabled":true,"_isHidden":false,"_isSnapShot":false,"_isTemplate":false,"_type":"block","_evolveTags":[],"title":"When and How to Set Probation Period Goals","_classes":"","_singleWidthComponentLayout":"default","_singleWidthIsCentered":true,"_componentsVerticalAlignment":"top","_reverseMobileComponentOrder":false,"_animations":{"_full":{"_slideInX":{"_isEnabled":false,"_isReverseDirection":false,"_from":50},"_slideInY":{"_isEnabled":false,"_isReverseDirection":false,"_from":50},"_fadeIn":{"_isEnabled":false,"_from":0},"_scaleIn":{"_isEnabled":false,"_from":50},"_isEnabled":false,"_delay":0,"_easing":"default"},"_left":{"_slideInX":{"_isEnabled":false,"_isReverseDirection":false,"_from":50},"_slideInY":{"_isEnabled":false,"_isReverseDirection":false,"_from":50},"_fadeIn":{"_isEnabled":false,"_from":0},"_scaleIn":{"_isEnabled":false,"_from":50},"_isEnabled":false,"_delay":0,"_easing":"default"},"_right":{"_slideInX":{"_isEnabled":false,"_isReverseDirection":false,"_from":50},"_slideInY":{"_isEnabled":false,"_isReverseDirection":false,"_from":50},"_fadeIn":{"_isEnabled":false,"_from":0},"_scaleIn":{"_isEnabled":false,"_from":50},"_isEnabled":false,"_delay":0,"_easing":"default"}},"_courseAttainment":{"_isEnabled":false},"_search":{"_searchTagIds":[]},"_createdAt":"2024-09-29T13:51:11.686Z","_updatedAt":"2024-09-29T15:01:33.468Z","_refId":"66f95b4f0b34a16728068529","__v":0,"_updatedBy":"66ea7f1126960b02d5ae7fcf","displayTitle":"<span data-preserver-spaces=\"true\">When and How to Set Probation Period Goals</span>"},{"_id":"66f96c7c0b34a16728068763","_parentId":"66f96c070b34a167280686c4","_courseId":"66eff2d0020012736e846cc6","_sortOrder":0,"_isEnabled":true,"_isHidden":false,"_isSnapShot":false,"_isTemplate":false,"_type":"block","_createdBy":"66ea7f1126960b02d5ae7fcf","_evolveTags":[],"title":"SMART","_classes":"","_singleWidthComponentLayout":"default","_singleWidthIsCentered":true,"_componentsVerticalAlignment":"top","_reverseMobileComponentOrder":false,"_animations":{"_full":{"_slideInX":{"_isEnabled":false,"_isReverseDirection":false,"_from":50},"_slideInY":{"_isEnabled":false,"_isReverseDirection":false,"_from":50},"_fadeIn":{"_isEnabled":false,"_from":0},"_scaleIn":{"_isEnabled":false,"_from":50},"_isEnabled":false,"_delay":0,"_easing":"default"},"_left":{"_slideInX":{"_isEnabled":false,"_isReverseDirection":false,"_from":50},"_slideInY":{"_isEnabled":false,"_isReverseDirection":false,"_from":50},"_fadeIn":{"_isEnabled":false,"_from":0},"_scaleIn":{"_isEnabled":false,"_from":50},"_isEnabled":false,"_delay":0,"_easing":"default"},"_right":{"_slideInX":{"_isEnabled":false,"_isReverseDirection":false,"_from":50},"_slideInY":{"_isEnabled":false,"_isReverseDirection":false,"_from":50},"_fadeIn":{"_isEnabled":false,"_from":0},"_scaleIn":{"_isEnabled":false,"_from":50},"_isEnabled":false,"_delay":0,"_easing":"default"}},"_courseAttainment":{"_isEnabled":false},"_search":{"_searchTagIds":[]},"_createdAt":"2024-09-29T15:04:28.188Z","_updatedAt":"2024-09-29T15:14:41.936Z","_refId":"66f96c7c0b34a16728068763","__v":0,"_updatedBy":"66ea7f1126960b02d5ae7fcf"},{"_id":"66f96f1b0b34a16728068d4f","_parentId":"66fe37930b34a16728798a8a","_courseId":"66eff2d0020012736e846cc6","_sortOrder":0,"_isEnabled":true,"_isHidden":false,"_isSnapShot":false,"_isTemplate":false,"_type":"block","_createdBy":"66ea7f1126960b02d5ae7fcf","_evolveTags":[],"title":"Examples","_classes":"","_singleWidthComponentLayout":"default","_singleWidthIsCentered":true,"_componentsVerticalAlignment":"top","_reverseMobileComponentOrder":false,"_animations":{"_full":{"_slideInX":{"_isEnabled":false,"_isReverseDirection":false,"_from":50},"_slideInY":{"_isEnabled":false,"_isReverseDirection":false,"_from":50},"_fadeIn":{"_isEnabled":false,"_from":0},"_scaleIn":{"_isEnabled":false,"_from":50},"_isEnabled":false,"_delay":0,"_easing":"default"},"_left":{"_slideInX":{"_isEnabled":false,"_isReverseDirection":false,"_from":50},"_slideInY":{"_isEnabled":false,"_isReverseDirection":false,"_from":50},"_fadeIn":{"_isEnabled":false,"_from":0},"_scaleIn":{"_isEnabled":false,"_from":50},"_isEnabled":false,"_delay":0,"_easing":"default"},"_right":{"_slideInX":{"_isEnabled":false,"_isReverseDirection":false,"_from":50},"_slideInY":{"_isEnabled":false,"_isReverseDirection":false,"_from":50},"_fadeIn":{"_isEnabled":false,"_from":0},"_scaleIn":{"_isEnabled":false,"_from":50},"_isEnabled":false,"_delay":0,"_easing":"default"}},"_courseAttainment":{"_isEnabled":false},"_search":{"_searchTagIds":[]},"_createdAt":"2024-09-29T15:15:39.062Z","_updatedAt":"2024-09-29T15:17:03.386Z","_refId":"66f96f1b0b34a16728068d4f","__v":0,"_updatedBy":"66ea7f1126960b02d5ae7fcf"},{"_id":"66f97c080b34a16728069a75","_parentId":"66f97c080b34a16728069a71","_courseId":"66eff2d0020012736e846cc6","_sortOrder":0,"_isEnabled":true,"_isHidden":false,"_isSnapShot":false,"_isTemplate":false,"_type":"block","_evolveTags":[],"title":"Q1","_classes":"","_singleWidthComponentLayout":"default","_singleWidthIsCentered":true,"_componentsVerticalAlignment":"top","_reverseMobileComponentOrder":false,"_animations":{"_full":{"_slideInX":{"_isEnabled":false,"_isReverseDirection":false,"_from":50},"_slideInY":{"_isEnabled":false,"_isReverseDirection":false,"_from":50},"_fadeIn":{"_isEnabled":false,"_from":0},"_scaleIn":{"_isEnabled":false,"_from":50},"_isEnabled":false,"_delay":0,"_easing":"default"},"_left":{"_slideInX":{"_isEnabled":false,"_isReverseDirection":false,"_from":50},"_slideInY":{"_isEnabled":false,"_isReverseDirection":false,"_from":50},"_fadeIn":{"_isEnabled":false,"_from":0},"_scaleIn":{"_isEnabled":false,"_from":50},"_isEnabled":false,"_delay":0,"_easing":"default"},"_right":{"_slideInX":{"_isEnabled":false,"_isReverseDirection":false,"_from":50},"_slideInY":{"_isEnabled":false,"_isReverseDirection":false,"_from":50},"_fadeIn":{"_isEnabled":false,"_from":0},"_scaleIn":{"_isEnabled":false,"_from":50},"_isEnabled":false,"_delay":0,"_easing":"default"}},"_courseAttainment":{"_isEnabled":false},"_search":{"_searchTagIds":[]},"_createdAt":"2024-09-29T16:10:48.853Z","_updatedAt":"2024-09-29T16:19:12.819Z","_refId":"66f97c080b34a16728069a75","__v":0,"_updatedBy":"66ea7f1126960b02d5ae7fcf","displayTitle":"Quiz"},{"_id":"66f97e150b34a16728069ce9","_parentId":"66f97c080b34a16728069a71","_courseId":"66eff2d0020012736e846cc6","_sortOrder":1,"_isEnabled":true,"_isHidden":false,"_isSnapShot":false,"_isTemplate":false,"_type":"block","_createdBy":"66ea7f1126960b02d5ae7fcf","_evolveTags":[],"title":"Q1","displayTitle":"","_classes":"","_singleWidthComponentLayout":"default","_singleWidthIsCentered":true,"_componentsVerticalAlignment":"top","_reverseMobileComponentOrder":false,"_animations":{"_full":{"_isEnabled":false,"_slideInX":{"_isEnabled":false,"_isReverseDirection":false,"_from":50},"_slideInY":{"_isEnabled":false,"_isReverseDirection":false,"_from":50},"_fadeIn":{"_isEnabled":false,"_from":0},"_scaleIn":{"_isEnabled":false,"_from":50},"_delay":0,"_easing":"default"},"_left":{"_isEnabled":false,"_slideInX":{"_isEnabled":false,"_isReverseDirection":false,"_from":50},"_slideInY":{"_isEnabled":false,"_isReverseDirection":false,"_from":50},"_fadeIn":{"_isEnabled":false,"_from":0},"_scaleIn":{"_isEnabled":false,"_from":50},"_delay":0,"_easing":"default"},"_right":{"_isEnabled":false,"_slideInX":{"_isEnabled":false,"_isReverseDirection":false,"_from":50},"_slideInY":{"_isEnabled":false,"_isReverseDirection":false,"_from":50},"_fadeIn":{"_isEnabled":false,"_from":0},"_scaleIn":{"_isEnabled":false,"_from":50},"_delay":0,"_easing":"default"}},"_courseAttainment":{"_isEnabled":false},"_search":{"_searchTagIds":[]},"__v":0,"_createdAt":"2024-09-29T16:19:33.271Z","_updatedAt":"2024-09-29T16:19:41.405Z","_refId":"66f97e150b34a16728069ce9","_updatedBy":"66ea7f1126960b02d5ae7fcf"},{"_id":"66fe37ec0b34a16728798b33","_parentId":"66f820d90b34a167280637e7","_courseId":"66eff2d0020012736e846cc6","_sortOrder":1,"_isEnabled":true,"_isHidden":false,"_isSnapShot":false,"_isTemplate":false,"_type":"block","_createdBy":"66ea7f1126960b02d5ae7fcf","_evolveTags":[],"title":"New Block Title","_classes":"","_singleWidthComponentLayout":"default","_singleWidthIsCentered":true,"_componentsVerticalAlignment":"top","_reverseMobileComponentOrder":false,"_animations":{"_full":{"_slideInX":{"_isEnabled":false,"_isReverseDirection":false,"_from":50},"_slideInY":{"_isEnabled":false,"_isReverseDirection":false,"_from":50},"_fadeIn":{"_isEnabled":false,"_from":0},"_scaleIn":{"_isEnabled":false,"_from":50},"_isEnabled":false,"_delay":0,"_easing":"default"},"_left":{"_slideInX":{"_isEnabled":false,"_isReverseDirection":false,"_from":50},"_slideInY":{"_isEnabled":false,"_isReverseDirection":false,"_from":50},"_fadeIn":{"_isEnabled":false,"_from":0},"_scaleIn":{"_isEnabled":false,"_from":50},"_isEnabled":false,"_delay":0,"_easing":"default"},"_right":{"_slideInX":{"_isEnabled":false,"_isReverseDirection":false,"_from":50},"_slideInY":{"_isEnabled":false,"_isReverseDirection":false,"_from":50},"_fadeIn":{"_isEnabled":false,"_from":0},"_scaleIn":{"_isEnabled":false,"_from":50},"_isEnabled":false,"_delay":0,"_easing":"default"}},"_courseAttainment":{"_isEnabled":false},"_search":{"_searchTagIds":[]},"_createdAt":"2024-10-03T06:21:32.192Z","_updatedAt":"2024-10-03T06:21:32.192Z","_refId":"66fe37ec0b34a16728798b33","__v":0},{"_id":"66fe3a5e0b34a1672879957e","_parentId":"66f95b4f0b34a16728068525","_courseId":"66eff2d0020012736e846cc6","_sortOrder":1,"_isEnabled":true,"_isHidden":false,"_isSnapShot":false,"_isTemplate":false,"_type":"block","_createdBy":"66ea7f1126960b02d5ae7fcf","_evolveTags":[],"title":"New Block Title","_classes":"","_singleWidthComponentLayout":"default","_singleWidthIsCentered":true,"_componentsVerticalAlignment":"top","_reverseMobileComponentOrder":false,"_animations":{"_full":{"_slideInX":{"_isEnabled":false,"_isReverseDirection":false,"_from":50},"_slideInY":{"_isEnabled":false,"_isReverseDirection":false,"_from":50},"_fadeIn":{"_isEnabled":false,"_from":0},"_scaleIn":{"_isEnabled":false,"_from":50},"_isEnabled":false,"_delay":0,"_easing":"default"},"_left":{"_slideInX":{"_isEnabled":false,"_isReverseDirection":false,"_from":50},"_slideInY":{"_isEnabled":false,"_isReverseDirection":false,"_from":50},"_fadeIn":{"_isEnabled":false,"_from":0},"_scaleIn":{"_isEnabled":false,"_from":50},"_isEnabled":false,"_delay":0,"_easing":"default"},"_right":{"_slideInX":{"_isEnabled":false,"_isReverseDirection":false,"_from":50},"_slideInY":{"_isEnabled":false,"_isReverseDirection":false,"_from":50},"_fadeIn":{"_isEnabled":false,"_from":0},"_scaleIn":{"_isEnabled":false,"_from":50},"_isEnabled":false,"_delay":0,"_easing":"default"}},"_courseAttainment":{"_isEnabled":false},"_search":{"_searchTagIds":[]},"_createdAt":"2024-10-03T06:31:58.149Z","_updatedAt":"2024-10-03T06:31:58.149Z","_refId":"66fe3a5e0b34a1672879957e","__v":0},{"_id":"66fe3c060b34a1672879a1db","_parentId":"66f96c070b34a167280686c4","_courseId":"66eff2d0020012736e846cc6","_sortOrder":1,"_isEnabled":true,"_isHidden":false,"_isSnapShot":false,"_isTemplate":false,"_type":"block","_createdBy":"66ea7f1126960b02d5ae7fcf","_evolveTags":[],"title":"New Block Title","_classes":"","_singleWidthComponentLayout":"default","_singleWidthIsCentered":true,"_componentsVerticalAlignment":"top","_reverseMobileComponentOrder":false,"_animations":{"_full":{"_slideInX":{"_isEnabled":false,"_isReverseDirection":false,"_from":50},"_slideInY":{"_isEnabled":false,"_isReverseDirection":false,"_from":50},"_fadeIn":{"_isEnabled":false,"_from":0},"_scaleIn":{"_isEnabled":false,"_from":50},"_isEnabled":false,"_delay":0,"_easing":"default"},"_left":{"_slideInX":{"_isEnabled":false,"_isReverseDirection":false,"_from":50},"_slideInY":{"_isEnabled":false,"_isReverseDirection":false,"_from":50},"_fadeIn":{"_isEnabled":false,"_from":0},"_scaleIn":{"_isEnabled":false,"_from":50},"_isEnabled":false,"_delay":0,"_easing":"default"},"_right":{"_slideInX":{"_isEnabled":false,"_isReverseDirection":false,"_from":50},"_slideInY":{"_isEnabled":false,"_isReverseDirection":false,"_from":50},"_fadeIn":{"_isEnabled":false,"_from":0},"_scaleIn":{"_isEnabled":false,"_from":50},"_isEnabled":false,"_delay":0,"_easing":"default"}},"_courseAttainment":{"_isEnabled":false},"_search":{"_searchTagIds":[]},"_createdAt":"2024-10-03T06:39:02.117Z","_updatedAt":"2024-10-03T06:39:02.117Z","_refId":"66fe3c060b34a1672879a1db","__v":0},{"_id":"66fe3cb50b34a1672879a732","_parentId":"66fe37930b34a16728798a8a","_courseId":"66eff2d0020012736e846cc6","_sortOrder":1,"_isEnabled":true,"_isHidden":false,"_isSnapShot":false,"_isTemplate":false,"_type":"block","_createdBy":"66ea7f1126960b02d5ae7fcf","_evolveTags":[],"title":"New Block Title","_classes":"","_singleWidthComponentLayout":"default","_singleWidthIsCentered":true,"_componentsVerticalAlignment":"top","_reverseMobileComponentOrder":false,"_animations":{"_full":{"_slideInX":{"_isEnabled":false,"_isReverseDirection":false,"_from":50},"_slideInY":{"_isEnabled":false,"_isReverseDirection":false,"_from":50},"_fadeIn":{"_isEnabled":false,"_from":0},"_scaleIn":{"_isEnabled":false,"_from":50},"_isEnabled":false,"_delay":0,"_easing":"default"},"_left":{"_slideInX":{"_isEnabled":false,"_isReverseDirection":false,"_from":50},"_slideInY":{"_isEnabled":false,"_isReverseDirection":false,"_from":50},"_fadeIn":{"_isEnabled":false,"_from":0},"_scaleIn":{"_isEnabled":false,"_from":50},"_isEnabled":false,"_delay":0,"_easing":"default"},"_right":{"_slideInX":{"_isEnabled":false,"_isReverseDirection":false,"_from":50},"_slideInY":{"_isEnabled":false,"_isReverseDirection":false,"_from":50},"_fadeIn":{"_isEnabled":false,"_from":0},"_scaleIn":{"_isEnabled":false,"_from":50},"_isEnabled":false,"_delay":0,"_easing":"default"}},"_courseAttainment":{"_isEnabled":false},"_search":{"_searchTagIds":[]},"_createdAt":"2024-10-03T06:41:57.041Z","_updatedAt":"2024-10-03T06:41:57.041Z","_refId":"66fe3cb50b34a1672879a732","__v":0},{"_id":"66fe3f390b34a1672879b23b","_parentId":"66eff2d1020012736e846cd0","_courseId":"66eff2d0020012736e846cc6","_sortOrder":1,"_isEnabled":true,"_isHidden":false,"_isSnapShot":false,"_isTemplate":false,"_type":"block","_createdBy":"66ea7f1126960b02d5ae7fcf","_evolveTags":[],"title":"New Block Title","_classes":"","_singleWidthComponentLayout":"default","_singleWidthIsCentered":true,"_componentsVerticalAlignment":"top","_reverseMobileComponentOrder":false,"_animations":{"_full":{"_slideInX":{"_isEnabled":false,"_isReverseDirection":false,"_from":50},"_slideInY":{"_isEnabled":false,"_isReverseDirection":false,"_from":50},"_fadeIn":{"_isEnabled":false,"_from":0},"_scaleIn":{"_isEnabled":false,"_from":50},"_isEnabled":false,"_delay":0,"_easing":"default"},"_left":{"_slideInX":{"_isEnabled":false,"_isReverseDirection":false,"_from":50},"_slideInY":{"_isEnabled":false,"_isReverseDirection":false,"_from":50},"_fadeIn":{"_isEnabled":false,"_from":0},"_scaleIn":{"_isEnabled":false,"_from":50},"_isEnabled":false,"_delay":0,"_easing":"default"},"_right":{"_slideInX":{"_isEnabled":false,"_isReverseDirection":false,"_from":50},"_slideInY":{"_isEnabled":false,"_isReverseDirection":false,"_from":50},"_fadeIn":{"_isEnabled":false,"_from":0},"_scaleIn":{"_isEnabled":false,"_from":50},"_isEnabled":false,"_delay":0,"_easing":"default"}},"_courseAttainment":{"_isEnabled":false},"_search":{"_searchTagIds":[]},"_createdAt":"2024-10-03T06:52:41.316Z","_updatedAt":"2024-10-03T06:52:41.316Z","_refId":"66fe3f390b34a1672879b23b","__v":0},{"_id":"66fe406c0b34a1672879b4cb","_parentId":"66f804340b34a167280615b1","_courseId":"66eff2d0020012736e846cc6","_sortOrder":2,"_isEnabled":true,"_isHidden":false,"_isSnapShot":false,"_isTemplate":false,"_type":"block","_createdBy":"66ea7f1126960b02d5ae7fcf","_evolveTags":[],"title":"New Block Title","_classes":"","_singleWidthComponentLayout":"default","_singleWidthIsCentered":true,"_componentsVerticalAlignment":"top","_reverseMobileComponentOrder":false,"_animations":{"_full":{"_slideInX":{"_isEnabled":false,"_isReverseDirection":false,"_from":50},"_slideInY":{"_isEnabled":false,"_isReverseDirection":false,"_from":50},"_fadeIn":{"_isEnabled":false,"_from":0},"_scaleIn":{"_isEnabled":false,"_from":50},"_isEnabled":false,"_delay":0,"_easing":"default"},"_left":{"_slideInX":{"_isEnabled":false,"_isReverseDirection":false,"_from":50},"_slideInY":{"_isEnabled":false,"_isReverseDirection":false,"_from":50},"_fadeIn":{"_isEnabled":false,"_from":0},"_scaleIn":{"_isEnabled":false,"_from":50},"_isEnabled":false,"_delay":0,"_easing":"default"},"_right":{"_slideInX":{"_isEnabled":false,"_isReverseDirection":false,"_from":50},"_slideInY":{"_isEnabled":false,"_isReverseDirection":false,"_from":50},"_fadeIn":{"_isEnabled":false,"_from":0},"_scaleIn":{"_isEnabled":false,"_from":50},"_isEnabled":false,"_delay":0,"_easing":"default"}},"_courseAttainment":{"_isEnabled":false},"_search":{"_searchTagIds":[]},"_createdAt":"2024-10-03T06:57:48.188Z","_updatedAt":"2024-10-03T06:57:48.188Z","_refId":"66fe406c0b34a1672879b4cb","__v":0}]
