[{"_id":"66f7dae60b34a1672805fcdc","title":"Welcome - Lily","_isQuestionType":false,"_parentId":"66f7dadb0b34a1672805fcc6","_courseId":"66eff2d0020012736e846cc6","_type":"component","_classes":"","_isInteractionLabelEnabled":false,"_interactionLabel":{"_location":"before widget"},"dialogStartButtonText":"Start Dialog","_isStartDialogInView":true,"_inviewStartDelay":2000,"_dialogStartAvatarWidth":"50px","_dialogItemAvatarWidth":"50px","_shouldShowPersonNameOnItem":true,"_dialogItemsContainerWidth":100,"_shouldDisableProgessionAnimation":false,"_useNextButton":false,"nextButtonText":"Next","_nextButtonAlignment":"left","_nextButtonIconPosition":"left","_nextButtonIconSize":0,"_nextButtonShowPulseAnimation":false,"_backgroundImage":{"_size":"cover","_position":"center"},"_mobileBackgroundImage":{"_size":"cover","_position":"center"},"_animations":{"_slideInX":{"_isEnabled":true,"_from":100},"_slideInY":{"_isEnabled":false,"_isReverseDirection":false,"_from":50},"_fadeIn":{"_isEnabled":true,"_from":0},"_scaleIn":{"_isEnabled":false,"_from":50},"_easing":"default"},"_component":"dialog","_layout":"full","_isEnabled":true,"_isHidden":false,"_isSnapShot":false,"_isTemplate":false,"_createdBy":"66ea7f1126960b02d5ae7fcf","_evolveTags":[],"_links":{"_isEnabled":false},"_stars":{"_isEnabled":false},"_points":{"_isEnabled":false},"_badges":{"_badgeIds":[]},"_courseAssessment":{"_isEnabled":false},"_courseAttainment":{"_isEnabled":false},"_hint":{"_isEnabled":false},"_progress":{"_isEnabled":true},"_reflection":{"_isEnabled":false},"_search":{"_searchTagIds":[]},"_stamps":{"_isEnabled":false},"_tags":{"_isEnabled":false,"_tagsList":[]},"_people":[{"name":"Lily","avatar":{"_id":"66f7db950b34a1672805fd16","_extension":"png","_type":"image"},"_dialogTextColor":"@swatch-1","_dialogBackgroundColor":"@swatch-9","itemIndex":0,"_id":"66f7daf60b34a1672805fceb"},{"name":"Me","_dialogTextColor":"@swatch-1","_dialogBackgroundColor":"@swatch-9","itemIndex":1,"_id":"66f7df150b34a1672805ffd4"}],"_items":[{"body":"<p>Hi! My name is Lily. Welcome to the <strong>Training on Effective Onboarding</strong>. Are you going to onboard new people to the team soon?</p>","_personId":"66f7daf60b34a1672805fceb","_delay":5000,"_isOnRightSide":false,"_dialogItemWidth":80,"itemIndex":0,"_id":"66f7dc4f0b34a1672805fd8e"},{"body":"<p>Hi! That is right. I&rsquo;m excited but a bit nervous.</p>","_personId":"66f7df150b34a1672805ffd4","_delay":3000,"_isOnRightSide":true,"_dialogItemWidth":80,"itemIndex":1,"_id":"66f7df350b34a1672806000c"},{"body":"<p>Totally understandable! <span data-preserver-spaces=\"true\">Starting off as a manager and guiding new team members through the onboarding process can be overwhelming.</span></p>","_personId":"66f7daf60b34a1672805fceb","_delay":8000,"_isOnRightSide":false,"_dialogItemWidth":80,"itemIndex":2,"_id":"66f7e0a40b34a1672806018e"},{"body":"<p><span data-preserver-spaces=\"true\">You might be asking yourself,&nbsp;</span><em><span data-preserver-spaces=\"true\">&ldquo;How do I ensure new employees integrate smoothly? How do I set them up for success without overwhelming them&mdash;or myself?&rdquo;</span></em><span data-preserver-spaces=\"true\">&nbsp;</span></p>","_personId":"66f7daf60b34a1672805fceb","_delay":8000,"_isOnRightSide":false,"_dialogItemWidth":80,"itemIndex":3,"_id":"66f7e0e50b34a1672806020c"},{"body":"<p>Exactly! I want to get it right, but I&rsquo;m not sure where to start.</p>","_personId":"66f7df150b34a1672805ffd4","_delay":3000,"_isOnRightSide":true,"_dialogItemWidth":80,"itemIndex":4,"_id":"66f7e1050b34a16728060299"},{"body":"<p>You&rsquo;re not alone. Many new managers feel the same way. And let&rsquo;s be honest&mdash;poor onboarding can lead to a lot of problems, like confusion, disengagement, delayed employee performance start, or even new hires leaving early. </p>","_personId":"66f7daf60b34a1672805fceb","_delay":10000,"_isOnRightSide":false,"_dialogItemWidth":80,"itemIndex":5,"_id":"66f7e1210b34a167280602f9"},{"body":"<p>But here&rsquo;s the good news: it doesn&rsquo;t have to be that way.</p>","_personId":"66f7daf60b34a1672805fceb","_delay":3000,"_isOnRightSide":false,"_dialogItemWidth":80,"itemIndex":6,"_id":"66f7e17f0b34a16728060440"},{"body":"<p>This course is going to simplify everything for you. We&rsquo;re here to take the stress out of onboarding. You&rsquo;ll learn how to introduce new hires confidently, set realistic and meaningful goals, run check-in meetings, and even tailor the entire onboarding process to fit each employee&rsquo;s unique needs.</p>","_personId":"66f7daf60b34a1672805fceb","_delay":10000,"_isOnRightSide":false,"_dialogItemWidth":80,"itemIndex":7,"_id":"66f7e18d0b34a167280604a5"},{"body":"<p>That sounds great! So it&rsquo;s not a one-size-fits-all approach?</p>","_personId":"66f7df150b34a1672805ffd4","_delay":3000,"_isOnRightSide":true,"_dialogItemWidth":80,"itemIndex":8,"_id":"66f7e1ba0b34a167280604fa"},{"body":"<p>Exactly. By the time you&rsquo;re done, you&rsquo;ll have practical tools and strategies to make onboarding smoother and more rewarding&mdash;not just for you but for your new hires, as well. You&rsquo;ll build stronger team connections, increase productivity, and create an engaged, motivated team.</p>","_personId":"66f7daf60b34a1672805fceb","_delay":10000,"_isOnRightSide":false,"_dialogItemWidth":80,"itemIndex":9,"_id":"66f7e1d00b34a16728060572"},{"body":"<p>Ready to dive in?</p>","_personId":"66f7daf60b34a1672805fceb","_delay":3000,"_isOnRightSide":false,"_dialogItemWidth":80,"itemIndex":10,"_id":"66f7e25c0b34a167280606b8"}],"_createdAt":"2024-09-28T10:31:02.703Z","_updatedAt":"2024-10-03T06:56:16.136Z","_refId":"66f7dae60b34a1672805fcdc","__v":0,"_updatedBy":"66ea7f1126960b02d5ae7fcf"},{"_id":"66f804dc0b34a16728061680","title":"Intro","_isQuestionType":false,"_parentId":"66f804c90b34a16728061647","_courseId":"66eff2d0020012736e846cc6","_type":"component","_classes":"","_isInteractionLabelEnabled":false,"_interactionLabel":{"_location":"before body"},"_component":"text","_layout":"full","_isEnabled":true,"_isHidden":false,"_isSnapShot":false,"_isTemplate":false,"_createdBy":"66ea7f1126960b02d5ae7fcf","_evolveTags":[],"_links":{"_isEnabled":false},"_stars":{"_isEnabled":false},"_points":{"_isEnabled":false},"_badges":{"_badgeIds":[]},"_courseAssessment":{"_isEnabled":false},"_courseAttainment":{"_isEnabled":false},"_hint":{"_isEnabled":false},"_progress":{"_isEnabled":true},"_reflection":{"_isEnabled":false},"_search":{"_searchTagIds":[]},"_stamps":{"_isEnabled":false},"_tags":{"_isEnabled":false,"_tagsList":[]},"_createdAt":"2024-09-28T13:30:04.124Z","_updatedAt":"2024-09-28T13:30:27.855Z","_refId":"66f804dc0b34a16728061680","__v":0,"_updatedBy":"66ea7f1126960b02d5ae7fcf","body":"<p>Now that you&rsquo;re ready to dive in, here&rsquo;s what you can expect throughout this course! We&rsquo;ve structured the content into five essential modules, each designed to build your confidence and skills as you lead the onboarding process for new team members.</p>"},{"_id":"66f80c2c0b34a167280619aa","title":"Infographic Title","_isQuestionType":false,"_parentId":"66f8058e0b34a16728061738","_courseId":"66eff2d0020012736e846cc6","_type":"component","_classes":"","_isInteractionLabelEnabled":true,"_interactionLabel":{"_location":"before widget","_incomplete":{"icon":"finger-tap"},"_complete":{"icon":"check-square"}},"_graphicMaxWidth":1024,"_displayItemOutlines":false,"_completionMethod":"inview","_allowFullscreen":true,"_fullscreenButtonPosition":"top-right","fullscreenButtonAriaLabel":"Open fullscreen","closeFullscreenButtonAriaLabel":"Close fullscreen","_useHoverStylesForFocus":false,"_allowFocusOnAllItems":false,"_useCustomFocusOutline":false,"focusOutlineStyle":"none","focusOutlineWidth":1,"focusOutlineColor":"transparent","_isContainerOverflowHidden":false,"_component":"infographic","_layout":"full","_isEnabled":true,"_isHidden":false,"_isSnapShot":false,"_isTemplate":false,"_createdBy":"66ea7f1126960b02d5ae7fcf","_evolveTags":[],"_links":{"_isEnabled":false},"_stars":{"_isEnabled":false},"_points":{"_isEnabled":false},"_badges":{"_badgeIds":[]},"_courseAssessment":{"_isEnabled":false},"_courseAttainment":{"_isEnabled":false},"_hint":{"_isEnabled":false},"_progress":{"_isEnabled":true},"_reflection":{"_isEnabled":false},"_search":{"_searchTagIds":[]},"_stamps":{"_isEnabled":false},"_tags":{"_isEnabled":false,"_tagsList":[]},"_items":[{"editorLabel":"Step 1.","editorOutlineColor":"#1abc9c","editorVisibility":true,"editorLockPositionSize":false,"isVisible":true,"_canReadFromVariable":false,"_variableComparsion":false,"isInteractive":true,"text":"<p><strong>Step 1. Gain Theoretical Knowledge</strong></p>","x":20,"y":50,"width":276,"height":60,"fontSize":17,"fontFamily":"@font-2","textAlign":"left","alignItems":"center","overflow":"visible","isAutoLineHeight":true,"lineHeight":14,"color":"#454545","backgroundColor":"transparent","borderStyle":"dotted","borderWidth":1,"borderColor":"@swatch-13","borderRadius":0,"paddingTop":0,"paddingRight":0,"paddingBottom":0,"paddingLeft":0,"enableHoverStyles":false,"hoverColor":"transparent","hoverBackgroundColor":"transparent","hoverBorderColor":"transparent","enableInteractedStyles":false,"interactedColor":"transparent","interactedBackgroundColor":"transparent","interactedBorderColor":"transparent","enableAnimations":false,"animateX":20,"animateY":50,"animateOpacity":1,"animateScale":1,"animateRotate":0,"animationDuration":0,"animateLeaveX":20,"animateLeaveY":50,"animateLeaveOpacity":0,"animateLeaveScale":1,"animateLeaveRotate":0,"animationDurationLeave":0,"animateEasing":"default","animationDelay":0,"interactiveActionType":"tooltip","tooltipText":"<p>Review multimedia materials in Talent LMS and complete quizzes to test your knowledge.</p>","tooltipMediaType":"none","tooltipMediaAudio":{"_transcript":{"button":"Open transcript"}},"tooltipMediaVideo":{"_transcript":{"button":"Open transcript"}},"_videoStream":{"_service":"youtube","_options":{"_isAutoPlay":false,"_isLoop":false,"_isKeyboardDisabled":false,"_modestBranding":false,"_isShowClosedCaptions":false,"_isAllowFullscreen":true,"_isLightTheme":false,"_shouldUseWistiaOptions":false,"_wistiaOptions":{"autoPlay":false,"controlsVisibleOnLoad":true,"fullscreenButton":true,"playbackRateControl":true,"playbar":true,"playButton":true,"playerColor":"#5fbbff","qualityControl":true,"settingsControl":true,"smallPlayButton":true,"volumeControl":true,"endVideoBehavior":"default"}},"_transcript":{"button":"Transcript"}},"tooltipMediaLayout":"bottom","isDialogTooltip":false,"tooltipPosition":"anchor","tooltipAnimateX":0,"tooltipAnimateY":0,"tooltipAnimateOpacity":1,"tooltipAnimateScale":1,"tooltipAnimateEasing":"default","navigationLink":{"_isEnabled":false},"showItemIds":[],"hideItemIds":[],"itemIndex":0,"_id":"66f818960b34a16728061c20"},{"editorLabel":"Step 2. ","editorOutlineColor":"#2f3941","editorVisibility":true,"editorLockPositionSize":false,"isVisible":true,"_canReadFromVariable":false,"_variableComparsion":false,"isInteractive":true,"text":"<p><strong>Step 2. Share Your Insights</strong></p>","x":307,"y":305,"width":276,"height":60,"fontSize":17,"fontFamily":"@font-2","textAlign":"left","alignItems":"center","overflow":"visible","isAutoLineHeight":true,"lineHeight":14,"color":"#454545","backgroundColor":"transparent","borderStyle":"dotted","borderWidth":1,"borderColor":"@swatch-13","borderRadius":0,"paddingTop":0,"paddingRight":0,"paddingBottom":0,"paddingLeft":0,"enableHoverStyles":false,"hoverColor":"transparent","hoverBackgroundColor":"transparent","hoverBorderColor":"transparent","enableInteractedStyles":false,"interactedColor":"transparent","interactedBackgroundColor":"transparent","interactedBorderColor":"transparent","enableAnimations":false,"animateX":307,"animateY":305,"animateOpacity":1,"animateScale":1,"animateRotate":0,"animationDuration":0,"animateLeaveX":307,"animateLeaveY":305,"animateLeaveOpacity":0,"animateLeaveScale":1,"animateLeaveRotate":0,"animationDurationLeave":0,"animateEasing":"default","animationDelay":0,"interactiveActionType":"tooltip","tooltipText":"<p>Join discussions with peers in Slack to share insights and ask questions.</p>","tooltipMediaType":"none","tooltipMediaAudio":{"_transcript":{"button":"Open transcript"}},"tooltipMediaVideo":{"_transcript":{"button":"Open transcript"}},"_videoStream":{"_service":"youtube","_options":{"_isAutoPlay":false,"_isLoop":false,"_isKeyboardDisabled":false,"_modestBranding":false,"_isShowClosedCaptions":false,"_isAllowFullscreen":true,"_isLightTheme":false,"_shouldUseWistiaOptions":false,"_wistiaOptions":{"autoPlay":false,"controlsVisibleOnLoad":true,"fullscreenButton":true,"playbackRateControl":true,"playbar":true,"playButton":true,"playerColor":"#5fbbff","qualityControl":true,"settingsControl":true,"smallPlayButton":true,"volumeControl":true,"endVideoBehavior":"default"}},"_transcript":{"button":"Transcript"}},"tooltipMediaLayout":"bottom","isDialogTooltip":false,"tooltipPosition":"anchor","tooltipAnimateX":0,"tooltipAnimateY":0,"tooltipAnimateOpacity":1,"tooltipAnimateScale":1,"tooltipAnimateEasing":"default","navigationLink":{"_isEnabled":false},"showItemIds":[],"hideItemIds":[],"itemIndex":1,"_id":"66f81af00b34a16728062813"},{"editorLabel":"Step 3.","editorOutlineColor":"#2f3941","editorVisibility":true,"editorLockPositionSize":false,"isVisible":true,"_canReadFromVariable":false,"_variableComparsion":false,"isInteractive":true,"text":"<p><strong>Step 3. Practice</strong></p>","x":499,"y":49,"width":276,"height":60,"fontSize":17,"fontFamily":"@font-2","textAlign":"left","alignItems":"center","overflow":"visible","isAutoLineHeight":true,"lineHeight":14,"color":"#454545","backgroundColor":"transparent","borderStyle":"dotted","borderWidth":1,"borderColor":"@swatch-13","borderRadius":0,"paddingTop":0,"paddingRight":0,"paddingBottom":0,"paddingLeft":0,"enableHoverStyles":false,"hoverColor":"transparent","hoverBackgroundColor":"transparent","hoverBorderColor":"transparent","enableInteractedStyles":false,"interactedColor":"transparent","interactedBackgroundColor":"transparent","interactedBorderColor":"transparent","enableAnimations":false,"animateX":499,"animateY":49,"animateOpacity":1,"animateScale":1,"animateRotate":0,"animationDuration":0,"animateLeaveX":499,"animateLeaveY":49,"animateLeaveOpacity":0,"animateLeaveScale":1,"animateLeaveRotate":0,"animationDurationLeave":0,"animateEasing":"default","animationDelay":0,"interactiveActionType":"tooltip","tooltipText":"<p>Apply what you&rsquo;ve learned by completing assignments in Google Docs.</p>","tooltipMediaType":"none","tooltipMediaAudio":{"_transcript":{"button":"Open transcript"}},"tooltipMediaVideo":{"_transcript":{"button":"Open transcript"}},"_videoStream":{"_service":"youtube","_options":{"_isAutoPlay":false,"_isLoop":false,"_isKeyboardDisabled":false,"_modestBranding":false,"_isShowClosedCaptions":false,"_isAllowFullscreen":true,"_isLightTheme":false,"_shouldUseWistiaOptions":false,"_wistiaOptions":{"autoPlay":false,"controlsVisibleOnLoad":true,"fullscreenButton":true,"playbackRateControl":true,"playbar":true,"playButton":true,"playerColor":"#5fbbff","qualityControl":true,"settingsControl":true,"smallPlayButton":true,"volumeControl":true,"endVideoBehavior":"default"}},"_transcript":{"button":"Transcript"}},"tooltipMediaLayout":"bottom","isDialogTooltip":false,"tooltipPosition":"anchor","tooltipAnimateX":0,"tooltipAnimateY":0,"tooltipAnimateOpacity":1,"tooltipAnimateScale":1,"tooltipAnimateEasing":"default","navigationLink":{"_isEnabled":false},"showItemIds":[],"hideItemIds":[],"itemIndex":2,"_id":"66f81b9a0b34a16728062c69"},{"editorLabel":"Step 4.","editorOutlineColor":"#2f3941","editorVisibility":true,"editorLockPositionSize":false,"isVisible":true,"_canReadFromVariable":false,"_variableComparsion":false,"isInteractive":true,"text":"<p><strong>Step 4. Receive Feedback</strong></p>","x":741,"y":288,"width":276,"height":60,"fontSize":17,"fontFamily":"@font-2","textAlign":"left","alignItems":"center","overflow":"visible","isAutoLineHeight":true,"lineHeight":14,"color":"#454545","backgroundColor":"@swatch-9","borderStyle":"dotted","borderWidth":1,"borderColor":"@swatch-13","borderRadius":0,"paddingTop":0,"paddingRight":0,"paddingBottom":0,"paddingLeft":0,"enableHoverStyles":false,"hoverColor":"transparent","hoverBackgroundColor":"transparent","hoverBorderColor":"transparent","enableInteractedStyles":false,"interactedColor":"transparent","interactedBackgroundColor":"transparent","interactedBorderColor":"transparent","enableAnimations":false,"animateX":741,"animateY":288,"animateOpacity":1,"animateScale":1,"animateRotate":0,"animationDuration":0,"animateLeaveX":741,"animateLeaveY":288,"animateLeaveOpacity":0,"animateLeaveScale":1,"animateLeaveRotate":0,"animationDurationLeave":0,"animateEasing":"default","animationDelay":0,"interactiveActionType":"tooltip","tooltipText":"<p>Get personalized video feedback from your tutor through Slack using Loom.</p>","tooltipMediaType":"none","tooltipMediaAudio":{"_transcript":{"button":"Open transcript"}},"tooltipMediaVideo":{"_transcript":{"button":"Open transcript"}},"_videoStream":{"_service":"youtube","_options":{"_isAutoPlay":false,"_isLoop":false,"_isKeyboardDisabled":false,"_modestBranding":false,"_isShowClosedCaptions":false,"_isAllowFullscreen":true,"_isLightTheme":false,"_shouldUseWistiaOptions":false,"_wistiaOptions":{"autoPlay":false,"controlsVisibleOnLoad":true,"fullscreenButton":true,"playbackRateControl":true,"playbar":true,"playButton":true,"playerColor":"#5fbbff","qualityControl":true,"settingsControl":true,"smallPlayButton":true,"volumeControl":true,"endVideoBehavior":"default"}},"_transcript":{"button":"Transcript"}},"tooltipMediaLayout":"bottom","isDialogTooltip":false,"tooltipPosition":"anchor","tooltipAnimateX":0,"tooltipAnimateY":0,"tooltipAnimateOpacity":1,"tooltipAnimateScale":1,"tooltipAnimateEasing":"default","navigationLink":{"_isEnabled":false},"showItemIds":[],"hideItemIds":[],"itemIndex":3,"_id":"66f81be00b34a16728062e3a"}],"_createdAt":"2024-09-28T14:01:16.324Z","_updatedAt":"2024-09-28T15:22:22.441Z","_refId":"66f80c2c0b34a167280619aa","__v":0,"_graphic":{"src":{"_id":"66f8178e0b34a16728061acb","_extension":"jpeg","_type":"image"}},"_updatedBy":"66ea7f1126960b02d5ae7fcf","displayTitle":"Learning Process","body":"<p>Take a moment to explore the infographic below&mdash;it&#39;s a quick snapshot of the learning flow and how each step builds on the last to ensure you walk away with practical, actionable skills.&nbsp;</p><p><br></p><p>Click each step to learn more.</p>"},{"_id":"66f8214b0b34a167280638bb","title":"Section 1.","_isQuestionType":false,"_parentId":"66f81f540b34a1672806370d","_courseId":"66eff2d0020012736e846cc6","_type":"component","_classes":"","_isInteractionLabelEnabled":false,"_interactionLabel":{"_location":"before widget"},"buttonText":"Start Learning","_buttonAlignment":"left","_buttonTextAlignment":"center","_iconPosition":"left","_iconSize":20,"_showPulseAnimation":false,"_buttonType":"default","_action":"NONE","_scrollDuration":200,"_setCompletionOn":"click","_disableOnClick":false,"_buttonImagePosition":"top","_component":"actionButton","_layout":"left","_isEnabled":true,"_isHidden":false,"_isSnapShot":false,"_isTemplate":false,"_createdBy":"66ea7f1126960b02d5ae7fcf","_evolveTags":[],"_links":{"_isEnabled":false},"_stars":{"_isEnabled":false},"_points":{"_isEnabled":false},"_badges":{"_badgeIds":[]},"_courseAssessment":{"_isEnabled":false},"_courseAttainment":{"_isEnabled":false},"_hint":{"_isEnabled":false},"_progress":{"_isEnabled":true},"_reflection":{"_isEnabled":false},"_search":{"_searchTagIds":[]},"_stamps":{"_isEnabled":false},"_tags":{"_isEnabled":false,"_tagsList":[]},"_createdAt":"2024-09-28T15:31:23.489Z","_updatedAt":"2024-09-28T17:20:36.195Z","_refId":"66f8214b0b34a167280638bb","__v":0,"_updatedBy":"66ea7f1126960b02d5ae7fcf","displayTitle":"Section 1. <span data-preserver-spaces=\"true\">Seven&nbsp;</span><span data-preserver-spaces=\"true\">key</span><span data-preserver-spaces=\"true\">&nbsp;steps of the onboarding plan</span>","_icon":"play-circle","_buttonImage":{"src":null}},{"_id":"66f822560b34a16728063991","title":"Section 2.","_isQuestionType":false,"_parentId":"66f81f540b34a1672806370d","_courseId":"66eff2d0020012736e846cc6","_type":"component","_classes":"","_isInteractionLabelEnabled":false,"_interactionLabel":{"_location":"before widget"},"buttonText":"Start Learning","_buttonAlignment":"left","_buttonTextAlignment":"center","_iconPosition":"left","_iconSize":20,"_showPulseAnimation":false,"_buttonType":"default","_action":"NONE","_scrollDuration":200,"_setCompletionOn":"inview","_disableOnClick":false,"_buttonImagePosition":"top","_component":"actionButton","_layout":"right","_isEnabled":true,"_isHidden":false,"_isSnapShot":false,"_isTemplate":false,"_createdBy":"66ea7f1126960b02d5ae7fcf","_evolveTags":[],"_links":{"_isEnabled":false},"_stars":{"_isEnabled":false},"_points":{"_isEnabled":false},"_badges":{"_badgeIds":[]},"_courseAssessment":{"_isEnabled":false},"_courseAttainment":{"_isEnabled":false},"_hint":{"_isEnabled":false},"_progress":{"_isEnabled":true},"_reflection":{"_isEnabled":false},"_search":{"_searchTagIds":[]},"_stamps":{"_isEnabled":false},"_tags":{"_isEnabled":false,"_tagsList":[]},"_createdAt":"2024-09-28T15:35:50.708Z","_updatedAt":"2024-09-28T17:20:41.165Z","_refId":"66f822560b34a16728063991","__v":0,"_updatedBy":"66ea7f1126960b02d5ae7fcf","displayTitle":"<span data-preserver-spaces=\"true\">Section 2. How to Present the C</span><span data-preserver-spaces=\"true\">ompany&#39;s</span><span data-preserver-spaces=\"true\">&nbsp;Mission, Goals, Culture, and Values</span>","_icon":"play-circle"},{"_id":"66f83aa80b34a16728063cc7","title":"Section 3. ","_isQuestionType":false,"_parentId":"66f83aa80b34a16728063cc2","_courseId":"66eff2d0020012736e846cc6","_type":"component","displayTitle":"<span data-preserver-spaces=\"true\">Section 3. How to introduce the team and overview crucial processes</span>","_classes":"","_isInteractionLabelEnabled":false,"_interactionLabel":{"_location":"before widget"},"buttonText":"Start Learning","_icon":"play-circle","_buttonAlignment":"left","_buttonTextAlignment":"center","_iconPosition":"left","_iconSize":20,"_showPulseAnimation":false,"_buttonType":"default","_action":"NONE","_scrollDuration":200,"_setCompletionOn":"click","_disableOnClick":false,"_buttonImage":{"src":null},"_buttonImagePosition":"top","_component":"actionButton","_layout":"left","_isEnabled":true,"_isHidden":false,"_isSnapShot":false,"_isTemplate":false,"_createdAt":"2024-09-28T17:19:36.694Z","_createdBy":"66ea7f1126960b02d5ae7fcf","_evolveTags":[],"_links":{"_isEnabled":false},"_stars":{"_isEnabled":false},"_points":{"_isEnabled":false},"_badges":{"_badgeIds":[]},"_courseAssessment":{"_isEnabled":false},"_courseAttainment":{"_isEnabled":false},"_hint":{"_isEnabled":false},"_progress":{"_isEnabled":true},"_reflection":{"_isEnabled":false},"_search":{"_searchTagIds":[]},"_stamps":{"_isEnabled":false},"_tags":{"_isEnabled":false,"_tagsList":[]},"__v":0,"_updatedAt":"2024-09-28T17:20:29.318Z","_refId":"66f83aa80b34a16728063cc7","_updatedBy":"66ea7f1126960b02d5ae7fcf"},{"_id":"66f83aa80b34a16728063cc8","title":"Section 4.","_isQuestionType":false,"_parentId":"66f83aa80b34a16728063cc2","_courseId":"66eff2d0020012736e846cc6","_type":"component","displayTitle":"<span data-preserver-spaces=\"true\">Section 4. How to set goals for the new employee</span>","_classes":"","_isInteractionLabelEnabled":false,"_interactionLabel":{"_location":"before widget"},"buttonText":"Start Learning","_icon":"play-circle","_buttonAlignment":"left","_buttonTextAlignment":"center","_iconPosition":"left","_iconSize":20,"_showPulseAnimation":false,"_buttonType":"default","_action":"NONE","_scrollDuration":200,"_setCompletionOn":"inview","_disableOnClick":false,"_buttonImagePosition":"top","_component":"actionButton","_layout":"right","_isEnabled":true,"_isHidden":false,"_isSnapShot":false,"_isTemplate":false,"_createdAt":"2024-09-28T17:19:36.694Z","_createdBy":"66ea7f1126960b02d5ae7fcf","_evolveTags":[],"_links":{"_isEnabled":false},"_stars":{"_isEnabled":false},"_points":{"_isEnabled":false},"_badges":{"_badgeIds":[]},"_courseAssessment":{"_isEnabled":false},"_courseAttainment":{"_isEnabled":false},"_hint":{"_isEnabled":false},"_progress":{"_isEnabled":true},"_reflection":{"_isEnabled":false},"_search":{"_searchTagIds":[]},"_stamps":{"_isEnabled":false},"_tags":{"_isEnabled":false,"_tagsList":[]},"__v":0,"_updatedAt":"2024-09-28T17:21:09.599Z","_refId":"66f83aa80b34a16728063cc8","_updatedBy":"66ea7f1126960b02d5ae7fcf"},{"_id":"66f83aaf0b34a16728063cf4","title":"Section 5.","_isQuestionType":false,"_parentId":"66f83aaf0b34a16728063cef","_courseId":"66eff2d0020012736e846cc6","_type":"component","displayTitle":"<span data-preserver-spaces=\"true\">Section 5.&nbsp;<span data-preserver-spaces=\"true\">How to run check-in meetings</span></span>","_classes":"","_isInteractionLabelEnabled":false,"_interactionLabel":{"_location":"before widget"},"buttonText":"Start Learning","_icon":"play-circle","_buttonAlignment":"left","_buttonTextAlignment":"center","_iconPosition":"left","_iconSize":20,"_showPulseAnimation":false,"_buttonType":"default","_action":"NONE","_scrollDuration":200,"_setCompletionOn":"click","_disableOnClick":false,"_buttonImage":{"src":null},"_buttonImagePosition":"top","_component":"actionButton","_layout":"left","_isEnabled":true,"_isHidden":false,"_isSnapShot":false,"_isTemplate":false,"_createdAt":"2024-09-28T17:19:43.637Z","_createdBy":"66ea7f1126960b02d5ae7fcf","_evolveTags":[],"_links":{"_isEnabled":false},"_stars":{"_isEnabled":false},"_points":{"_isEnabled":false},"_badges":{"_badgeIds":[]},"_courseAssessment":{"_isEnabled":false},"_courseAttainment":{"_isEnabled":false},"_hint":{"_isEnabled":false},"_progress":{"_isEnabled":true},"_reflection":{"_isEnabled":false},"_search":{"_searchTagIds":[]},"_stamps":{"_isEnabled":false},"_tags":{"_isEnabled":false,"_tagsList":[]},"__v":0,"_updatedAt":"2024-09-28T17:21:44.782Z","_refId":"66f83aaf0b34a16728063cf4","_updatedBy":"66ea7f1126960b02d5ae7fcf"},{"_id":"66f83aaf0b34a16728063cf5","title":"Section 6.","_isQuestionType":false,"_parentId":"66f83aaf0b34a16728063cef","_courseId":"66eff2d0020012736e846cc6","_type":"component","displayTitle":"<span data-preserver-spaces=\"true\">Section 6. How to take stock of the onboarding</span>","_classes":"","_isInteractionLabelEnabled":false,"_interactionLabel":{"_location":"before widget"},"buttonText":"Start Learning","_icon":"play-circle","_buttonAlignment":"left","_buttonTextAlignment":"center","_iconPosition":"left","_iconSize":20,"_showPulseAnimation":false,"_buttonType":"default","_action":"NONE","_scrollDuration":200,"_setCompletionOn":"inview","_disableOnClick":false,"_buttonImagePosition":"top","_component":"actionButton","_layout":"right","_isEnabled":true,"_isHidden":false,"_isSnapShot":false,"_isTemplate":false,"_createdAt":"2024-09-28T17:19:43.637Z","_createdBy":"66ea7f1126960b02d5ae7fcf","_evolveTags":[],"_links":{"_isEnabled":false},"_stars":{"_isEnabled":false},"_points":{"_isEnabled":false},"_badges":{"_badgeIds":[]},"_courseAssessment":{"_isEnabled":false},"_courseAttainment":{"_isEnabled":false},"_hint":{"_isEnabled":false},"_progress":{"_isEnabled":true},"_reflection":{"_isEnabled":false},"_search":{"_searchTagIds":[]},"_stamps":{"_isEnabled":false},"_tags":{"_isEnabled":false,"_tagsList":[]},"__v":0,"_updatedAt":"2024-09-28T17:22:08.740Z","_refId":"66f83aaf0b34a16728063cf5","_updatedBy":"66ea7f1126960b02d5ae7fcf"},{"_id":"66f83ab50b34a16728063d21","title":"Section 7. ","_isQuestionType":false,"_parentId":"66f83ab50b34a16728063d1c","_courseId":"66eff2d0020012736e846cc6","_type":"component","displayTitle":"<span data-preserver-spaces=\"true\">Section 7. How to tailor&nbsp;</span><span data-preserver-spaces=\"true\">onboarding</span><span data-preserver-spaces=\"true\">&nbsp;plan for the particular employee</span>","_classes":"","_isInteractionLabelEnabled":false,"_interactionLabel":{"_location":"before widget"},"buttonText":"Start Learning","_icon":"play-circle","_buttonAlignment":"left","_buttonTextAlignment":"center","_iconPosition":"left","_iconSize":20,"_showPulseAnimation":false,"_buttonType":"default","_action":"NONE","_scrollDuration":200,"_setCompletionOn":"click","_disableOnClick":false,"_buttonImage":{"src":null},"_buttonImagePosition":"top","_component":"actionButton","_layout":"left","_isEnabled":true,"_isHidden":false,"_isSnapShot":false,"_isTemplate":false,"_createdAt":"2024-09-28T17:19:49.459Z","_createdBy":"66ea7f1126960b02d5ae7fcf","_evolveTags":[],"_links":{"_isEnabled":false},"_stars":{"_isEnabled":false},"_points":{"_isEnabled":false},"_badges":{"_badgeIds":[]},"_courseAssessment":{"_isEnabled":false},"_courseAttainment":{"_isEnabled":false},"_hint":{"_isEnabled":false},"_progress":{"_isEnabled":true},"_reflection":{"_isEnabled":false},"_search":{"_searchTagIds":[]},"_stamps":{"_isEnabled":false},"_tags":{"_isEnabled":false,"_tagsList":[]},"__v":0,"_updatedAt":"2024-09-28T17:22:37.894Z","_refId":"66f83ab50b34a16728063d21","_updatedBy":"66ea7f1126960b02d5ae7fcf"},{"_id":"66f83ab50b34a16728063d22","title":"Toolkit","_isQuestionType":false,"_parentId":"66f83ab50b34a16728063d1c","_courseId":"66eff2d0020012736e846cc6","_type":"component","displayTitle":"Toolkit","_classes":"","_isInteractionLabelEnabled":false,"_interactionLabel":{"_location":"before widget"},"buttonText":"Start Learning","_icon":"play-circle","_buttonAlignment":"left","_buttonTextAlignment":"center","_iconPosition":"left","_iconSize":20,"_showPulseAnimation":false,"_buttonType":"default","_action":"NONE","_scrollDuration":200,"_setCompletionOn":"inview","_disableOnClick":false,"_buttonImagePosition":"top","_component":"actionButton","_layout":"right","_isEnabled":true,"_isHidden":false,"_isSnapShot":false,"_isTemplate":false,"_createdAt":"2024-09-28T17:19:49.459Z","_createdBy":"66ea7f1126960b02d5ae7fcf","_evolveTags":[],"_links":{"_isEnabled":false},"_stars":{"_isEnabled":false},"_points":{"_isEnabled":false},"_badges":{"_badgeIds":[]},"_courseAssessment":{"_isEnabled":false},"_courseAttainment":{"_isEnabled":false},"_hint":{"_isEnabled":false},"_progress":{"_isEnabled":true},"_reflection":{"_isEnabled":false},"_search":{"_searchTagIds":[]},"_stamps":{"_isEnabled":false},"_tags":{"_isEnabled":false,"_tagsList":[]},"__v":0,"_updatedAt":"2024-09-28T17:22:52.868Z","_refId":"66f83ab50b34a16728063d22","_updatedBy":"66ea7f1126960b02d5ae7fcf"},{"_id":"66f953f90b34a16728067b38","title":"Activation Quiz","_isQuestionType":true,"_parentId":"66f820d90b34a167280637eb","_courseId":"66eff2d0020012736e846cc6","_type":"component","_classes":"","indicatorLabelText":"The score is","rejectedCardAriaLabel":"Card rejected","_useComponentDropZones":true,"_attempts":1,"_shouldDisplayAttempts":true,"_shouldZonesRejectIncorrect":false,"_shouldHideMarking":false,"_shouldHideScore":false,"_cardSizes":{"large":{"width":300,"height":150},"medium":{"width":300,"height":150},"small":{"width":300,"height":150}},"_shouldShowDisplayTitleInFeedback":true,"_feedbackNavigation":{"_correct":{"_isEnabled":false},"_partlyCorrect":{"_isEnabled":false},"_partlyCorrectNotFinal":{"_isEnabled":false},"_incorrect":{"_isEnabled":false},"_incorrectNotFinal":{"_isEnabled":false}},"_feedbackInlineStyles":{"_isEnabled":false,"_titleTextAlignment":"center","_bodyTextAlignment":"center","_iconAlignment":"center","_buttonAlignment":"center"},"_shouldDisplayFeedbackInline":false,"_feedback":{"_incorrect":{"_shouldUseGlobalIncorrectFeedback":false,"final":"<p>Not quite! Only these are well-structured goals:</p><p>1. Reduce customer complaints by 15% within 3 months.</p><p>2. Automate the weekly sales report process by the end of the first quarter.</p><p>3. Increase social media engagement by 10% within 2 months.</p><p><br>They&#39;re specific, measurable, and time-bound, which makes it easier to track progress and evaluate success.</p>"},"_partlyCorrect":{"_shouldUseGlobalPartlyCorrectFeedback":false,"final":"<p>Not quite! These are well-structured goals:</p><p>1. Reduce customer complaints by 15% within 3 months.</p><p>2. Automate the weekly sales report process by the end of the first quarter.</p><p>3. Increase social media engagement by 10% within 2 months.</p><p><br>They&#39;re specific, measurable, and time-bound, which makes it easier to track progress and evaluate success.</p>"},"_correctGraphic":{"srcAdvanced":{"_setImagePerDeviceSize":false},"_position":"right"},"_incorrectFinalGraphic":{"srcAdvanced":{"_setImagePerDeviceSize":false},"_position":"right"},"_incorrectNotFinalGraphic":{"srcAdvanced":{"_setImagePerDeviceSize":false},"_position":"right"},"_partlyCorrectFinalGraphic":{"srcAdvanced":{"_setImagePerDeviceSize":false},"_position":"right"},"_partlyCorrectNotFinalGraphic":{"srcAdvanced":{"_setImagePerDeviceSize":false},"_position":"right"},"_shouldUseGlobalCorrectFeedback":false,"correct":"<p>That is right! These are well-structured goals:</p><p>1. Reduce customer complaints by 15% within 3 months.</p><p>2. Automate the weekly sales report process by the end of the first quarter.</p><p>3. Increase social media engagement by 10% within 2 months.</p><p><br>They&#39;re specific, measurable, and time-bound, which makes it easier to track progress and evaluate success.</p>"},"_component":"cardDrop","_layout":"full","_isEnabled":true,"_isHidden":false,"_isSnapShot":false,"_isTemplate":false,"_createdBy":"66ea7f1126960b02d5ae7fcf","_evolveTags":[],"_links":{"_isEnabled":false},"_stars":{"_isEnabled":false},"_points":{"_isEnabled":false},"_badges":{"_badgeIds":[]},"_courseAssessment":{"_isEnabled":false},"_courseAttainment":{"_isEnabled":false},"_hint":{"_isEnabled":false},"_progress":{"_isEnabled":true},"_reflection":{"_isEnabled":false},"_search":{"_searchTagIds":[]},"_stamps":{"_isEnabled":false},"_tags":{"_isEnabled":false,"_tagsList":[]},"_items":[{"text":"Reduce customer complaints by 15% within 3 months.","itemIndex":0,"_correctDropZoneIds":["66f957170b34a16728067cb8"],"_dropZones":[],"_id":"66f9570e0b34a16728067cad"},{"text":"Automate the weekly sales report process by the end of the first quarter.","itemIndex":1,"_correctDropZoneIds":["66f957170b34a16728067cb8"],"_dropZones":[],"_id":"66f957c50b34a16728067d8c"},{"text":"<span data-preserver-spaces=\"true\">Improve overall team performance</span><span data-preserver-spaces=\"true\">.</span>","itemIndex":2,"_correctDropZoneIds":["66f957400b34a16728067d07"],"_dropZones":[],"_id":"66f957d50b34a16728067dbd"},{"text":"<span data-preserver-spaces=\"true\">Increase client satisfaction by any means possible</span><span data-preserver-spaces=\"true\">.</span>","itemIndex":3,"_correctDropZoneIds":["66f957400b34a16728067d07"],"_dropZones":[],"_id":"66f957e60b34a16728067df4"},{"text":"<span data-preserver-spaces=\"true\">Learn all company policies and procedures</span><span data-preserver-spaces=\"true\">.</span>","itemIndex":4,"_correctDropZoneIds":["66f957400b34a16728067d07"],"_dropZones":[],"_id":"66f957f60b34a16728067e31"},{"text":"<span data-preserver-spaces=\"true\">Increase social media engagement by 10% within</span><span data-preserver-spaces=\"true\">&nbsp;2&nbsp;</span><span data-preserver-spaces=\"true\">months</span><span data-preserver-spaces=\"true\">.</span>","itemIndex":5,"_correctDropZoneIds":["66f957170b34a16728067cb8"],"_dropZones":[],"_id":"66f958070b34a16728067e74"},{"text":"<span data-preserver-spaces=\"true\">Help the marketing team improve their strategy</span><span data-preserver-spaces=\"true\">.</span>","itemIndex":6,"_correctDropZoneIds":["66f957400b34a16728067d07"],"_dropZones":[],"_id":"66f9581b0b34a16728067ebd"}],"_dropZones":[{"text":"<span data-preserver-spaces=\"true\">Well-Structured Goals</span>","itemIndex":0,"ariaLabel":"Well-structured goals","_id":"66f957170b34a16728067cb8"},{"text":"Poorly Formed Goals","itemIndex":1,"ariaLabel":"Poorly Formed Goals","_id":"66f957400b34a16728067d07"}],"_createdAt":"2024-09-29T13:19:53.672Z","_updatedAt":"2024-09-29T13:50:17.371Z","_refId":"66f953f90b34a16728067b38","__v":0,"_updatedBy":"66ea7f1126960b02d5ae7fcf","body":"<p><span data-preserver-spaces=\"true\">Which of the following is an example of a well-structured goal for a new employee?</span></p>","_isInteractionLabelEnabled":true,"_interactionLabel":{"_location":"before widget"}},{"_id":"66f96c830b34a16728068779","title":"Accordion Title","_isQuestionType":false,"_parentId":"66f96c7c0b34a16728068763","_courseId":"66eff2d0020012736e846cc6","_type":"component","_classes":"","_isInteractionLabelEnabled":true,"_interactionLabel":{"_location":"before widget"},"_shouldShowCheckIcon":false,"_shouldKeepItemsOpen":false,"_component":"accordion","_layout":"full","_isEnabled":true,"_isHidden":false,"_isSnapShot":false,"_isTemplate":false,"_createdBy":"66ea7f1126960b02d5ae7fcf","_evolveTags":[],"_links":{"_isEnabled":false},"_stars":{"_isEnabled":false},"_points":{"_isEnabled":false},"_badges":{"_badgeIds":[]},"_courseAssessment":{"_isEnabled":false},"_courseAttainment":{"_isEnabled":false},"_hint":{"_isEnabled":false},"_progress":{"_isEnabled":true},"_reflection":{"_isEnabled":false},"_search":{"_searchTagIds":[]},"_stamps":{"_isEnabled":false},"_tags":{"_isEnabled":false,"_tagsList":[]},"_items":[{"title":"S (specific)","_mediaType":"image","_graphic":{"srcAdvanced":{"_setImagePerDeviceSize":false},"_isLightboxEnabled":false,"lightboxSrcAdvanced":{"_setImagePerDeviceSize":false},"_isMagnifierEnabled":false},"_video":{"_shouldAutoPlay":false,"_transcript":{"button":"Open transcript"}},"_videoStream":{"_service":"youtube","_options":{"_isAutoPlay":false,"_isLoop":false,"_isKeyboardDisabled":false,"_modestBranding":false,"_isShowClosedCaptions":false,"_isAllowFullscreen":true,"_isLightTheme":false,"_shouldUseWistiaOptions":false,"_wistiaOptions":{"autoPlay":false,"controlsVisibleOnLoad":true,"fullscreenButton":true,"playbackRateControl":true,"playbar":true,"playButton":true,"playerColor":"#5fbbff","qualityControl":true,"settingsControl":true,"smallPlayButton":true,"volumeControl":true,"endVideoBehavior":"default"}},"_transcript":{"button":"Transcript"}},"_itemGraphicLayout":"right","body":"<p>Your goal should be clear and specific, answering the questions: Who, What, Where, When, and Why. This helps focus efforts and avoid any ambiguity.<br><em>Example: &quot;Improve the onboarding process for new hires&quot; is vague. A specific goal would be &quot;Create a new onboarding manual for new hires.&quot;</em></p>","itemIndex":0,"_id":"66f96d280b34a16728068824"},{"title":"M (measurable)","_mediaType":"image","_graphic":{"srcAdvanced":{"_setImagePerDeviceSize":false},"_isLightboxEnabled":false,"lightboxSrcAdvanced":{"_setImagePerDeviceSize":false},"_isMagnifierEnabled":false},"_video":{"_shouldAutoPlay":false,"_transcript":{"button":"Open transcript"}},"_videoStream":{"_service":"youtube","_options":{"_isAutoPlay":false,"_isLoop":false,"_isKeyboardDisabled":false,"_modestBranding":false,"_isShowClosedCaptions":false,"_isAllowFullscreen":true,"_isLightTheme":false,"_shouldUseWistiaOptions":false,"_wistiaOptions":{"autoPlay":false,"controlsVisibleOnLoad":true,"fullscreenButton":true,"playbackRateControl":true,"playbar":true,"playButton":true,"playerColor":"#5fbbff","qualityControl":true,"settingsControl":true,"smallPlayButton":true,"volumeControl":true,"endVideoBehavior":"default"}},"_transcript":{"button":"Transcript"}},"_itemGraphicLayout":"right","body":"<p>A goal should have criteria that allow you to track progress and know when the goal is achieved.<br><em>Example: Instead of &ldquo;Increase customer satisfaction,&rdquo; a measurable goal would be &ldquo;Increase customer satisfaction survey scores by 10%.&quot;</em></p>","itemIndex":1,"_id":"66f96df00b34a1672806891c"},{"title":"A (achievable)","_mediaType":"image","_graphic":{"srcAdvanced":{"_setImagePerDeviceSize":false},"_isLightboxEnabled":false,"lightboxSrcAdvanced":{"_setImagePerDeviceSize":false},"_isMagnifierEnabled":false},"_video":{"_shouldAutoPlay":false,"_transcript":{"button":"Open transcript"}},"_videoStream":{"_service":"youtube","_options":{"_isAutoPlay":false,"_isLoop":false,"_isKeyboardDisabled":false,"_modestBranding":false,"_isShowClosedCaptions":false,"_isAllowFullscreen":true,"_isLightTheme":false,"_shouldUseWistiaOptions":false,"_wistiaOptions":{"autoPlay":false,"controlsVisibleOnLoad":true,"fullscreenButton":true,"playbackRateControl":true,"playbar":true,"playButton":true,"playerColor":"#5fbbff","qualityControl":true,"settingsControl":true,"smallPlayButton":true,"volumeControl":true,"endVideoBehavior":"default"}},"_transcript":{"button":"Transcript"}},"_itemGraphicLayout":"right","body":"<p>Your goal should be realistic and attainable, considering resources, skills, and time available. It should stretch your abilities but remain possible to accomplish.<br><em>Example: &ldquo;Increase revenue by 200% in one month&rdquo; may not be achievable, but &ldquo;Increase revenue by 10% in one month&rdquo; is more realistic.</em></p>","itemIndex":2,"_id":"66f96e260b34a16728068a5b"},{"title":"R (relevant)","_mediaType":"image","_graphic":{"srcAdvanced":{"_setImagePerDeviceSize":false},"_isLightboxEnabled":false,"lightboxSrcAdvanced":{"_setImagePerDeviceSize":false},"_isMagnifierEnabled":false},"_video":{"_shouldAutoPlay":false,"_transcript":{"button":"Open transcript"}},"_videoStream":{"_service":"youtube","_options":{"_isAutoPlay":false,"_isLoop":false,"_isKeyboardDisabled":false,"_modestBranding":false,"_isShowClosedCaptions":false,"_isAllowFullscreen":true,"_isLightTheme":false,"_shouldUseWistiaOptions":false,"_wistiaOptions":{"autoPlay":false,"controlsVisibleOnLoad":true,"fullscreenButton":true,"playbackRateControl":true,"playbar":true,"playButton":true,"playerColor":"#5fbbff","qualityControl":true,"settingsControl":true,"smallPlayButton":true,"volumeControl":true,"endVideoBehavior":"default"}},"_transcript":{"button":"Transcript"}},"_itemGraphicLayout":"right","body":"<p>Goals should align with broader business objectives or personal career aspirations. It ensures the goal has a purpose and contributes to larger plans.<br><em>Example: &quot;Learn graphic design&quot; may not be relevant if your role is in customer service. Instead, a relevant goal might be to &ldquo;Improve customer response time by 15%.&quot;</em></p>","itemIndex":3,"_id":"66f96e580b34a16728068b3d"},{"title":"T (time-bound)","_mediaType":"image","_graphic":{"srcAdvanced":{"_setImagePerDeviceSize":false},"_isLightboxEnabled":false,"lightboxSrcAdvanced":{"_setImagePerDeviceSize":false},"_isMagnifierEnabled":false},"_video":{"_shouldAutoPlay":false,"_transcript":{"button":"Open transcript"}},"_videoStream":{"_service":"youtube","_options":{"_isAutoPlay":false,"_isLoop":false,"_isKeyboardDisabled":false,"_modestBranding":false,"_isShowClosedCaptions":false,"_isAllowFullscreen":true,"_isLightTheme":false,"_shouldUseWistiaOptions":false,"_wistiaOptions":{"autoPlay":false,"controlsVisibleOnLoad":true,"fullscreenButton":true,"playbackRateControl":true,"playbar":true,"playButton":true,"playerColor":"#5fbbff","qualityControl":true,"settingsControl":true,"smallPlayButton":true,"volumeControl":true,"endVideoBehavior":"default"}},"_transcript":{"button":"Transcript"}},"_itemGraphicLayout":"right","body":"<p>A time frame adds a sense of urgency and helps prioritize your goal. It defines when you plan to achieve the goal and keeps you accountable.<br><em>Example: Instead of saying &quot;Improve team communication,&quot; say &quot;Improve team communication by implementing weekly check-in meetings within 30 days.&quot;</em></p>","itemIndex":4,"_id":"66f96e930b34a16728068c52"}],"_createdAt":"2024-09-29T15:04:35.508Z","_updatedAt":"2024-09-29T15:13:53.733Z","_refId":"66f96c830b34a16728068779","__v":0,"_updatedBy":"66ea7f1126960b02d5ae7fcf","displayTitle":"SMART Goals","body":"<p>The employee&#39;s goals should be clear and transparent. To define these goals, use goal-setting methodologies such as SMART, FAST, PACT, or others. In this course, we break down the SMART methodology.</p>"},{"_id":"66f975100b34a16728068dc8","title":"Examples","_isQuestionType":false,"_parentId":"66f96f1b0b34a16728068d4f","_courseId":"66eff2d0020012736e846cc6","_type":"component","_classes":"","_isInteractionLabelEnabled":true,"_interactionLabel":{"_location":"before widget"},"_itemsPerRow":{"mobile":1,"tablet":2,"desktop":2},"_shouldUseFrontImageAsBackImage":false,"_shouldUseIndividualItemImages":false,"_shouldFlipBackNonSelectedCards":false,"_frontTextStyles":{"_fontColor":"transparent"},"_backTextStyles":{"_fontColor":"transparent"},"_flipCardItemContentAlignment":"center","_animations":{"_slideInX":{"_isEnabled":true,"_isReverseDirection":false,"_from":50},"_slideInY":{"_isEnabled":false,"_isReverseDirection":false,"_from":50},"_fadeIn":{"_isEnabled":false,"_from":0},"_scaleIn":{"_isEnabled":false,"_from":50},"_easing":"default"},"_component":"flipCard","_layout":"full","_isEnabled":true,"_isHidden":false,"_isSnapShot":false,"_isTemplate":false,"_createdBy":"66ea7f1126960b02d5ae7fcf","_evolveTags":[],"_links":{"_isEnabled":false},"_stars":{"_isEnabled":false},"_points":{"_isEnabled":false},"_badges":{"_badgeIds":[]},"_courseAssessment":{"_isEnabled":false},"_courseAttainment":{"_isEnabled":false},"_hint":{"_isEnabled":false},"_progress":{"_isEnabled":true},"_reflection":{"_isEnabled":false},"_search":{"_searchTagIds":[]},"_stamps":{"_isEnabled":false},"_tags":{"_isEnabled":false,"_tagsList":[]},"_items":[{"frontText":"<p><strong>Goals for a Developer</strong></p>","frontTextStyles":{"_fontColor":"@swatch-1"},"_frontContentGraphic":{"_isBottomPosition":false},"backText":"<p><strong><span data-preserver-spaces=\"true\">Development Team Goal</span></strong><span data-preserver-spaces=\"true\">:&nbsp;</span><span data-preserver-spaces=\"true\">&quot;R</span><span data-preserver-spaces=\"true\">educe the number of product errors by 25% in 3 months</span><span data-preserver-spaces=\"true\">.&quot;</span></p><p><strong><span data-preserver-spaces=\"true\">Employee&rsquo;s</span><span data-preserver-spaces=\"true\">&nbsp;Responsibility</span></strong><span data-preserver-spaces=\"true\">:&nbsp;</span><span data-preserver-spaces=\"true\">Support existing products and implement changes.</span></p><p><strong><span data-preserver-spaces=\"true\">Probation Period Goal for the Developer</span></strong><span data-preserver-spaces=\"true\">:&nbsp;</span><span data-preserver-spaces=\"true\">&quot;R</span><span data-preserver-spaces=\"true\">educe client-reported errors in supported products by 20% in 3 months</span><span data-preserver-spaces=\"true\">.&quot;</span></p>","backTextStyles":{"_fontColor":"@swatch-1"},"_backContentGraphic":{"_isBottomPosition":false},"itemIndex":0,"_id":"66f978620b34a1672806900c"},{"frontText":"<p><strong>Goals for an Analyst</strong></p>","frontTextStyles":{"_fontColor":"@swatch-1"},"_frontContentGraphic":{"_isBottomPosition":false},"backText":"<p><strong><span data-preserver-spaces=\"true\">Analytics Team Goal</span></strong><span data-preserver-spaces=\"true\">:&nbsp;</span><span data-preserver-spaces=\"true\">&quot;A</span><span data-preserver-spaces=\"true\">utomate current reports within</span><span data-preserver-spaces=\"true\">&nbsp;3&nbsp;</span><span data-preserver-spaces=\"true\">months</span><span data-preserver-spaces=\"true\">.&quot;</span></p><p><strong><span data-preserver-spaces=\"true\">Employee&rsquo;s</span><span data-preserver-spaces=\"true\">&nbsp;Responsibility</span></strong><span data-preserver-spaces=\"true\">:&nbsp;</span><span data-preserver-spaces=\"true\">Build and maintain reports for the sales department.</span></p><p><strong><span data-preserver-spaces=\"true\">Probation Period Goal for the Analyst</span></strong><span data-preserver-spaces=\"true\">:&nbsp;</span><span data-preserver-spaces=\"true\">&quot;C</span><span data-preserver-spaces=\"true\">reate one automated sales funnel with customer statuses for the sales team within</span><span data-preserver-spaces=\"true\">&nbsp;3&nbsp;</span><span data-preserver-spaces=\"true\">months</span><span data-preserver-spaces=\"true\">.&quot;</span></p>","backTextStyles":{"_fontColor":"@swatch-1"},"_backContentGraphic":{"_isBottomPosition":false},"itemIndex":1,"_id":"66f978c30b34a167280690f9"},{"frontText":"<p><strong>Goals for a SMM manager</strong></p>","frontTextStyles":{"_fontColor":"@swatch-1"},"_frontContentGraphic":{"_isBottomPosition":false},"backText":"<p><strong><span data-preserver-spaces=\"true\">Content Team Goal</span></strong><span data-preserver-spaces=\"true\">:&nbsp;</span><span data-preserver-spaces=\"true\">&quot;I</span><span data-preserver-spaces=\"true\">ncrease customer acquisition through content by 15% in 3 months</span><span data-preserver-spaces=\"true\">.&quot;</span></p><p><strong><span data-preserver-spaces=\"true\">Employee&rsquo;s</span><span data-preserver-spaces=\"true\">&nbsp;Responsibility</span></strong><span data-preserver-spaces=\"true\">:&nbsp;</span><span data-preserver-spaces=\"true\">Responsible for managing social media.</span></p><p><strong><span data-preserver-spaces=\"true\">Probation Period Goal for the Content Team Employee</span></strong><span data-preserver-spaces=\"true\">:&nbsp;</span><span data-preserver-spaces=\"true\">&quot;I</span><span data-preserver-spaces=\"true\">ncrease customer acquisition through Facebook and LinkedIn by 10% in 3 months</span><span data-preserver-spaces=\"true\">.&quot;</span></p>","backTextStyles":{"_fontColor":"@swatch-1"},"_backContentGraphic":{"_isBottomPosition":false},"itemIndex":2,"_id":"66f9790d0b34a167280692c4"}],"_createdAt":"2024-09-29T15:41:04.078Z","_updatedAt":"2024-09-29T16:09:41.532Z","_refId":"66f975100b34a16728068dc8","__v":0,"_updatedBy":"66ea7f1126960b02d5ae7fcf","displayTitle":"Examples of Probation Period Goals","_frontGraphic":{"_id":"66f806410b34a167280617a6","_extension":"png","_type":"image"}},{"_id":"66f976f90b34a16728068ead","title":"Graphic Title","_isQuestionType":false,"_parentId":"66f95b4f0b34a16728068529","_courseId":"66eff2d0020012736e846cc6","_type":"component","_classes":"","_isInteractionLabelEnabled":false,"_interactionLabel":{"_location":"before widget"},"_shouldEnableGraphicText":false,"layout":"top","_contentWidth":100,"_graphicTextTopPadding":0,"_graphicTextBottomPadding":0,"_graphicTextLeftPadding":0,"_graphicTextRightPadding":0,"_graphic":{"srcAdvanced":{"_setImagePerDeviceSize":false},"lightboxSrcAdvanced":{"_setImagePerDeviceSize":false},"_isExternalLink":false,"_isLightboxEnabled":false,"_isMagnifierEnabled":false,"src":{"_id":"66f9769e0b34a16728068e20","_extension":"jpeg","_type":"image"}},"_graphicTextStyles":{"_desktop":{"_fontColor":"transparent"},"_tablet":{"_fontColor":"transparent"},"_mobile":{"_fontColor":"transparent"}},"_component":"graphic","_layout":"right","_isEnabled":true,"_isHidden":false,"_isSnapShot":false,"_isTemplate":false,"_createdBy":"66ea7f1126960b02d5ae7fcf","_evolveTags":[],"_links":{"_isEnabled":false},"_stars":{"_isEnabled":false},"_points":{"_isEnabled":false},"_badges":{"_badgeIds":[]},"_courseAssessment":{"_isEnabled":false},"_courseAttainment":{"_isEnabled":false},"_hint":{"_isEnabled":false},"_progress":{"_isEnabled":true},"_reflection":{"_isEnabled":false},"_search":{"_searchTagIds":[]},"_stamps":{"_isEnabled":false},"_tags":{"_isEnabled":false,"_tagsList":[]},"_createdAt":"2024-09-29T15:49:13.839Z","_updatedAt":"2024-09-29T15:49:30.231Z","_refId":"66f976f90b34a16728068ead","__v":0,"_updatedBy":"66ea7f1126960b02d5ae7fcf"},{"_id":"66f977130b34a16728068ef9","title":"Text Title","_isQuestionType":false,"_parentId":"66f95b4f0b34a16728068529","_courseId":"66eff2d0020012736e846cc6","_type":"component","_classes":"","_isInteractionLabelEnabled":false,"_interactionLabel":{"_location":"before body"},"_component":"text","_layout":"left","_isEnabled":true,"_isHidden":false,"_isSnapShot":false,"_isTemplate":false,"_createdBy":"66ea7f1126960b02d5ae7fcf","_evolveTags":[],"_links":{"_isEnabled":false},"_stars":{"_isEnabled":false},"_points":{"_isEnabled":false},"_badges":{"_badgeIds":[]},"_courseAssessment":{"_isEnabled":false},"_courseAttainment":{"_isEnabled":false},"_hint":{"_isEnabled":false},"_progress":{"_isEnabled":true},"_reflection":{"_isEnabled":false},"_search":{"_searchTagIds":[]},"_stamps":{"_isEnabled":false},"_tags":{"_isEnabled":false,"_tagsList":[]},"_createdAt":"2024-09-29T15:49:39.256Z","_updatedAt":"2024-09-29T15:54:26.435Z","_refId":"66f977130b34a16728068ef9","__v":0,"_updatedBy":"66ea7f1126960b02d5ae7fcf","body":"<p><span data-preserver-spaces=\"true\">Probation goals should be established</span><span data-preserver-spaces=\"true\">&nbsp;before the employee is hired, with 1-3 goals&nbsp;</span><span data-preserver-spaces=\"true\">in total</span><span data-preserver-spaces=\"true\">.</span></p><ul><li><span data-preserver-spaces=\"true\">Goals&nbsp;</span><span data-preserver-spaces=\"true\">are set</span><span data-preserver-spaces=\"true\">&nbsp;when the manager identifies the need for a new hire and defines&nbsp;</span><span data-preserver-spaces=\"true\">the tasks they will perform</span><span data-preserver-spaces=\"true\">.</span></li><li><span data-preserver-spaces=\"true\">Goals&nbsp;</span><span data-preserver-spaces=\"true\">are used</span><span data-preserver-spaces=\"true\">&nbsp;when drafting the job description, so the new hire should&nbsp;</span><span data-preserver-spaces=\"true\">already be aware of</span><span data-preserver-spaces=\"true\">&nbsp;them before starting.</span></li><li><span data-preserver-spaces=\"true\">Goals are further discussed&nbsp;</span><span data-preserver-spaces=\"true\">in detail</span><span data-preserver-spaces=\"true\">&nbsp;with the employee during their first week of work.</span></li></ul><p><br></p><p>The goals should be carefully aligned with the reasons for hiring the new employee and the overarching objectives of the team they will join.</p>"},{"_id":"66f97d190b34a16728069b27","title":"MCQ Title","_isQuestionType":true,"_parentId":"66f97c080b34a16728069a75","_courseId":"66eff2d0020012736e846cc6","_type":"component","_classes":"","_isInteractionLabelEnabled":false,"_interactionLabel":{"_location":"before widget"},"_useQuestionBank":false,"_attempts":1,"_shouldDisplayAttempts":true,"_isRandom":true,"_selectable":1,"_useCustomItemPrefix":false,"_shouldUseIndividualItemFeedback":false,"_shouldShowDisplayTitleInFeedback":false,"_canAutoSubmit":false,"_itemsPerRow":{"mobile":1,"tablet":2,"desktop":2},"_shouldUseQuestionGraphic":false,"_questionGraphic":{"srcAdvanced":{"_setImagePerDeviceSize":false}},"_feedbackNavigation":{"_correct":{"_isEnabled":false},"_partlyCorrect":{"_isEnabled":false},"_partlyCorrectNotFinal":{"_isEnabled":false},"_incorrect":{"_isEnabled":false},"_incorrectNotFinal":{"_isEnabled":false}},"_feedbackInlineStyles":{"_isEnabled":false,"_titleTextAlignment":"center","_bodyTextAlignment":"center","_iconAlignment":"center","_buttonAlignment":"center"},"_shouldDisplayFeedbackInline":true,"_feedback":{"_incorrect":{"_shouldUseGlobalIncorrectFeedback":true},"_partlyCorrect":{"_shouldUseGlobalPartlyCorrectFeedback":false},"_correctGraphic":{"srcAdvanced":{"_setImagePerDeviceSize":false},"_position":"right"},"_incorrectFinalGraphic":{"srcAdvanced":{"_setImagePerDeviceSize":false},"_position":"right"},"_incorrectNotFinalGraphic":{"srcAdvanced":{"_setImagePerDeviceSize":false},"_position":"right"},"_partlyCorrectFinalGraphic":{"srcAdvanced":{"_setImagePerDeviceSize":false},"_position":"right"},"_partlyCorrectNotFinalGraphic":{"srcAdvanced":{"_setImagePerDeviceSize":false},"_position":"right"},"_shouldUseGlobalCorrectFeedback":true},"_component":"mcq","_layout":"full","_isEnabled":true,"_isHidden":false,"_isSnapShot":false,"_isTemplate":false,"_createdBy":"66ea7f1126960b02d5ae7fcf","_evolveTags":[],"_links":{"_isEnabled":false},"_stars":{"_isEnabled":false},"_points":{"_isEnabled":false},"_badges":{"_badgeIds":[]},"_courseAssessment":{"_isEnabled":false},"_courseAttainment":{"_isEnabled":false},"_hint":{"_isEnabled":false},"_progress":{"_isEnabled":true},"_reflection":{"_isEnabled":false},"_search":{"_searchTagIds":[]},"_stamps":{"_isEnabled":false},"_tags":{"_isEnabled":false,"_tagsList":[]},"_items":[{"text":"The goal should be measurable so that progress can be tracked.","_shouldBeSelected":false,"_feedbackGraphic":{"srcAdvanced":{"_setImagePerDeviceSize":false},"_position":"right"},"itemIndex":0,"_id":"66f97d300b34a16728069b3f"},{"text":"The goal should be clearly defined and unambiguous.","_shouldBeSelected":true,"_feedbackGraphic":{"srcAdvanced":{"_setImagePerDeviceSize":false},"_position":"right"},"itemIndex":1,"_id":"66f97d3d0b34a16728069b59"},{"text":"The goal should be flexible enough to change over time.","_shouldBeSelected":false,"_feedbackGraphic":{"srcAdvanced":{"_setImagePerDeviceSize":false},"_position":"right"},"itemIndex":2,"_id":"66f97d4b0b34a16728069b84"},{"text":"The goal should align with team objectives.","_shouldBeSelected":false,"_feedbackGraphic":{"srcAdvanced":{"_setImagePerDeviceSize":false},"_position":"right"},"itemIndex":3,"_id":"66f97d560b34a16728069ba6"}],"_createdAt":"2024-09-29T16:15:21.736Z","_updatedAt":"2024-09-29T16:19:21.004Z","_refId":"66f97d190b34a16728069b27","__v":0,"_updatedBy":"66ea7f1126960b02d5ae7fcf","body":"<p>Which of the following statements best describes the &quot;Specific&quot; component of SMART goals?</p>","displayTitle":"Question 1"},{"_id":"66f97e150b34a16728069cee","title":"MCQ Title","_isQuestionType":true,"_parentId":"66f97e150b34a16728069ce9","_courseId":"66eff2d0020012736e846cc6","_type":"component","displayTitle":"Question 2","body":"<p>Which of the following is an example of a SMART goal?</p>","_classes":"","_isInteractionLabelEnabled":false,"_interactionLabel":{"_location":"before widget"},"_useQuestionBank":false,"_attempts":1,"_shouldDisplayAttempts":true,"_isRandom":true,"_selectable":1,"_useCustomItemPrefix":false,"_shouldUseIndividualItemFeedback":false,"_shouldShowDisplayTitleInFeedback":false,"_canAutoSubmit":false,"_itemsPerRow":{"mobile":1,"tablet":2,"desktop":2},"_shouldUseQuestionGraphic":false,"_questionGraphic":{"srcAdvanced":{"_setImagePerDeviceSize":false}},"_items":[{"text":"Increase customer satisfaction.","_shouldBeSelected":false,"_feedbackGraphic":{"srcAdvanced":{"_setImagePerDeviceSize":false},"_position":"right"},"itemIndex":0,"_id":"66f97d300b34a16728069b3f"},{"text":"Improve employee performance.","_shouldBeSelected":false,"_feedbackGraphic":{"srcAdvanced":{"_setImagePerDeviceSize":false},"_position":"right"},"itemIndex":1,"_id":"66f97d3d0b34a16728069b59"},{"text":"The goal should be flexible enough to change over time.","_shouldBeSelected":false,"_feedbackGraphic":{"srcAdvanced":{"_setImagePerDeviceSize":false},"_position":"right"},"itemIndex":2,"_id":"66f97d4b0b34a16728069b84"},{"text":"The goal should align with team objectives.","_shouldBeSelected":false,"_feedbackGraphic":{"srcAdvanced":{"_setImagePerDeviceSize":false},"_position":"right"},"itemIndex":3,"_id":"66f97d560b34a16728069ba6"}],"_feedbackNavigation":{"_correct":{"_isEnabled":false},"_partlyCorrect":{"_isEnabled":false},"_partlyCorrectNotFinal":{"_isEnabled":false},"_incorrect":{"_isEnabled":false},"_incorrectNotFinal":{"_isEnabled":false}},"_feedbackInlineStyles":{"_isEnabled":false,"_titleTextAlignment":"center","_bodyTextAlignment":"center","_iconAlignment":"center","_buttonAlignment":"center"},"_shouldDisplayFeedbackInline":true,"_feedback":{"_shouldUseGlobalCorrectFeedback":true,"_incorrect":{"_shouldUseGlobalIncorrectFeedback":true},"_partlyCorrect":{"_shouldUseGlobalPartlyCorrectFeedback":false},"_correctGraphic":{"srcAdvanced":{"_setImagePerDeviceSize":false},"_position":"right"},"_incorrectFinalGraphic":{"srcAdvanced":{"_setImagePerDeviceSize":false},"_position":"right"},"_incorrectNotFinalGraphic":{"srcAdvanced":{"_setImagePerDeviceSize":false},"_position":"right"},"_partlyCorrectFinalGraphic":{"srcAdvanced":{"_setImagePerDeviceSize":false},"_position":"right"},"_partlyCorrectNotFinalGraphic":{"srcAdvanced":{"_setImagePerDeviceSize":false},"_position":"right"}},"_component":"mcq","_layout":"full","_isEnabled":true,"_isHidden":false,"_isSnapShot":false,"_isTemplate":false,"_createdAt":"2024-09-29T16:19:33.271Z","_createdBy":"66ea7f1126960b02d5ae7fcf","_evolveTags":[],"_links":{"_isEnabled":false},"_stars":{"_isEnabled":false},"_points":{"_isEnabled":false},"_badges":{"_badgeIds":[]},"_courseAssessment":{"_isEnabled":false},"_courseAttainment":{"_isEnabled":false},"_hint":{"_isEnabled":false},"_progress":{"_isEnabled":true},"_reflection":{"_isEnabled":false},"_search":{"_searchTagIds":[]},"_stamps":{"_isEnabled":false},"_tags":{"_isEnabled":false,"_tagsList":[]},"__v":0,"_updatedAt":"2024-09-29T16:20:34.692Z","_refId":"66f97e150b34a16728069cee","_updatedBy":"66ea7f1126960b02d5ae7fcf"},{"_id":"66fe37f80b34a16728798b5f","title":"Let's learn more about Goals!","_isQuestionType":false,"_parentId":"66fe37ec0b34a16728798b33","_courseId":"66eff2d0020012736e846cc6","_type":"component","_classes":"","_isInteractionLabelEnabled":false,"_interactionLabel":{"_location":"before widget"},"buttonText":"Let's learn more about Goals!","_buttonAlignment":"center","_buttonTextAlignment":"center","_iconPosition":"left","_iconSize":20,"_showPulseAnimation":false,"_buttonType":"default","_action":"NONE","_scrollDuration":200,"_setCompletionOn":"inview","_disableOnClick":false,"_buttonImagePosition":"top","_component":"actionButton","_layout":"full","_isEnabled":true,"_isHidden":false,"_isSnapShot":false,"_isTemplate":false,"_createdBy":"66ea7f1126960b02d5ae7fcf","_evolveTags":[],"_links":{"_isEnabled":false},"_stars":{"_isEnabled":false},"_points":{"_isEnabled":false},"_badges":{"_badgeIds":[]},"_courseAssessment":{"_isEnabled":false},"_courseAttainment":{"_isEnabled":false},"_hint":{"_isEnabled":false},"_progress":{"_isEnabled":true},"_reflection":{"_isEnabled":false},"_search":{"_searchTagIds":[]},"_stamps":{"_isEnabled":false},"_tags":{"_isEnabled":false,"_tagsList":[]},"_createdAt":"2024-10-03T06:21:44.142Z","_updatedAt":"2024-10-03T06:25:53.873Z","_refId":"66fe37f80b34a16728798b5f","__v":0,"_updatedBy":"66ea7f1126960b02d5ae7fcf"},{"_id":"66fe3a660b34a167287995b2","title":"What is a well-structured goal?","_isQuestionType":false,"_parentId":"66fe3a5e0b34a1672879957e","_courseId":"66eff2d0020012736e846cc6","_type":"component","_classes":"","_isInteractionLabelEnabled":false,"_interactionLabel":{"_location":"before widget"},"buttonText":"What is a well-structured goal?","_buttonAlignment":"center","_buttonTextAlignment":"center","_iconPosition":"left","_iconSize":20,"_showPulseAnimation":false,"_buttonType":"default","_action":"NONE","_scrollDuration":200,"_setCompletionOn":"inview","_disableOnClick":false,"_buttonImagePosition":"top","_component":"actionButton","_layout":"full","_isEnabled":true,"_isHidden":false,"_isSnapShot":false,"_isTemplate":false,"_createdBy":"66ea7f1126960b02d5ae7fcf","_evolveTags":[],"_links":{"_isEnabled":false},"_stars":{"_isEnabled":false},"_points":{"_isEnabled":false},"_badges":{"_badgeIds":[]},"_courseAssessment":{"_isEnabled":false},"_courseAttainment":{"_isEnabled":false},"_hint":{"_isEnabled":false},"_progress":{"_isEnabled":true},"_reflection":{"_isEnabled":false},"_search":{"_searchTagIds":[]},"_stamps":{"_isEnabled":false},"_tags":{"_isEnabled":false,"_tagsList":[]},"_createdAt":"2024-10-03T06:32:06.868Z","_updatedAt":"2024-10-03T06:32:35.636Z","_refId":"66fe3a660b34a167287995b2","__v":0,"_updatedBy":"66ea7f1126960b02d5ae7fcf"},{"_id":"66fe3c0a0b34a1672879a20c","title":"Let's discover some examples","_isQuestionType":false,"_parentId":"66fe3c060b34a1672879a1db","_courseId":"66eff2d0020012736e846cc6","_type":"component","_classes":"","_isInteractionLabelEnabled":false,"_interactionLabel":{"_location":"before widget"},"buttonText":"Let's discover some examples","_buttonAlignment":"center","_buttonTextAlignment":"center","_iconPosition":"left","_iconSize":20,"_showPulseAnimation":false,"_buttonType":"default","_action":"NONE","_scrollDuration":200,"_setCompletionOn":"inview","_disableOnClick":false,"_buttonImagePosition":"top","_component":"actionButton","_layout":"full","_isEnabled":true,"_isHidden":false,"_isSnapShot":false,"_isTemplate":false,"_createdBy":"66ea7f1126960b02d5ae7fcf","_evolveTags":[],"_links":{"_isEnabled":false},"_stars":{"_isEnabled":false},"_points":{"_isEnabled":false},"_badges":{"_badgeIds":[]},"_courseAssessment":{"_isEnabled":false},"_courseAttainment":{"_isEnabled":false},"_hint":{"_isEnabled":false},"_progress":{"_isEnabled":true},"_reflection":{"_isEnabled":false},"_search":{"_searchTagIds":[]},"_stamps":{"_isEnabled":false},"_tags":{"_isEnabled":false,"_tagsList":[]},"_createdAt":"2024-10-03T06:39:06.186Z","_updatedAt":"2024-10-03T06:39:49.494Z","_refId":"66fe3c0a0b34a1672879a20c","__v":0,"_updatedBy":"66ea7f1126960b02d5ae7fcf"},{"_id":"66fe3cb90b34a1672879a75e","title":"It is clear now!","_isQuestionType":false,"_parentId":"66fe3cb50b34a1672879a732","_courseId":"66eff2d0020012736e846cc6","_type":"component","_classes":"","_isInteractionLabelEnabled":false,"_interactionLabel":{"_location":"before widget"},"buttonText":"It is clear now!","_buttonAlignment":"center","_buttonTextAlignment":"center","_iconPosition":"left","_iconSize":20,"_showPulseAnimation":false,"_buttonType":"default","_action":"NONE","_scrollDuration":200,"_setCompletionOn":"inview","_disableOnClick":false,"_buttonImagePosition":"top","_component":"actionButton","_layout":"full","_isEnabled":true,"_isHidden":false,"_isSnapShot":false,"_isTemplate":false,"_createdBy":"66ea7f1126960b02d5ae7fcf","_evolveTags":[],"_links":{"_isEnabled":false},"_stars":{"_isEnabled":false},"_points":{"_isEnabled":false},"_badges":{"_badgeIds":[]},"_courseAssessment":{"_isEnabled":false},"_courseAttainment":{"_isEnabled":false},"_hint":{"_isEnabled":false},"_progress":{"_isEnabled":true},"_reflection":{"_isEnabled":false},"_search":{"_searchTagIds":[]},"_stamps":{"_isEnabled":false},"_tags":{"_isEnabled":false,"_tagsList":[]},"_createdAt":"2024-10-03T06:42:01.062Z","_updatedAt":"2024-10-03T06:42:35.425Z","_refId":"66fe3cb90b34a1672879a75e","__v":0,"_updatedBy":"66ea7f1126960b02d5ae7fcf"},{"_id":"66fe3f3d0b34a1672879b267","title":"Let's go!","_isQuestionType":false,"_parentId":"66fe3f390b34a1672879b23b","_courseId":"66eff2d0020012736e846cc6","_type":"component","_classes":"","_isInteractionLabelEnabled":false,"_interactionLabel":{"_location":"before widget"},"buttonText":"Let's go!","_buttonAlignment":"center","_buttonTextAlignment":"center","_iconPosition":"left","_iconSize":20,"_showPulseAnimation":false,"_buttonType":"default","_action":"NONE","_scrollDuration":200,"_setCompletionOn":"inview","_disableOnClick":false,"_buttonImagePosition":"top","_component":"actionButton","_layout":"full","_isEnabled":true,"_isHidden":false,"_isSnapShot":false,"_isTemplate":false,"_createdBy":"66ea7f1126960b02d5ae7fcf","_evolveTags":[],"_links":{"_isEnabled":false},"_stars":{"_isEnabled":false},"_points":{"_isEnabled":false},"_badges":{"_badgeIds":[]},"_courseAssessment":{"_isEnabled":false},"_courseAttainment":{"_isEnabled":false},"_hint":{"_isEnabled":false},"_progress":{"_isEnabled":true},"_reflection":{"_isEnabled":false},"_search":{"_searchTagIds":[]},"_stamps":{"_isEnabled":false},"_tags":{"_isEnabled":false,"_tagsList":[]},"_createdAt":"2024-10-03T06:52:45.588Z","_updatedAt":"2024-10-03T06:56:06.647Z","_refId":"66fe3f3d0b34a1672879b267","__v":0,"_updatedBy":"66ea7f1126960b02d5ae7fcf"},{"_id":"66fe40780b34a1672879b516","title":"Next","_isQuestionType":false,"_parentId":"66fe406c0b34a1672879b4cb","_courseId":"66eff2d0020012736e846cc6","_type":"component","_classes":"","_isInteractionLabelEnabled":false,"_interactionLabel":{"_location":"before widget"},"buttonText":"Next","_buttonAlignment":"center","_buttonTextAlignment":"center","_iconPosition":"left","_iconSize":20,"_showPulseAnimation":false,"_buttonType":"default","_action":"NONE","_scrollDuration":200,"_setCompletionOn":"inview","_disableOnClick":false,"_buttonImagePosition":"top","_component":"actionButton","_layout":"full","_isEnabled":true,"_isHidden":false,"_isSnapShot":false,"_isTemplate":false,"_createdBy":"66ea7f1126960b02d5ae7fcf","_evolveTags":[],"_links":{"_isEnabled":false},"_stars":{"_isEnabled":false},"_points":{"_isEnabled":false},"_badges":{"_badgeIds":[]},"_courseAssessment":{"_isEnabled":false},"_courseAttainment":{"_isEnabled":false},"_hint":{"_isEnabled":false},"_progress":{"_isEnabled":true},"_reflection":{"_isEnabled":false},"_search":{"_searchTagIds":[]},"_stamps":{"_isEnabled":false},"_tags":{"_isEnabled":false,"_tagsList":[]},"_createdAt":"2024-10-03T06:58:00.743Z","_updatedAt":"2024-10-03T06:58:27.267Z","_refId":"66fe40780b34a1672879b516","__v":0,"_updatedBy":"66ea7f1126960b02d5ae7fcf"}]
