[{"_id":"66eff2d1020012736e846cce","_parentId":"66eff2d0020012736e846cc6","_courseId":"66eff2d0020012736e846cc6","_sortOrder":0,"_isEnabled":true,"_isHidden":false,"_isSnapShot":false,"_isTemplate":false,"_type":"page","_createdAt":"2024-09-22T10:34:56.996Z","_createdBy":"66ea7f1126960b02d5ae7fcf","_evolveTags":[],"title":"Welcome to the Course!","_graphic":{"_offset":{"_top":"0","_left":"0"},"_isOverridingTheme":false,"_hideOnMobile":false,"_isFloatingGraphic":false,"_position":"bottom-right"},"linkText":"View","isLinkIconRightPosition":false,"durationLabel":"Duration","_categories":[],"_hidePageHeader":false,"_pageCompletionMethod":"components","_completionComponentIds":[],"_heroImage":{"_graphic":{"srcAdvanced":{"_setImagePerDeviceSize":false}},"_floatingGraphic":{"_offset":{"_top":"0","_left":"0"},"_position":"bottom-right","_hideOnMobile":false},"_isEnabled":false,"layout":"center","_contentWidth":70},"_backgroundImage":{"_size":"cover","_position":"center","_fixed":false,"_repeat":false},"_mobileBackgroundImage":{"_size":"cover","_position":"center","_fixed":false,"_repeat":false},"_boxMenu":{"srcAdvanced":{"_setImagePerDeviceSize":false},"_heroImage":{"_graphic":{"srcAdvanced":{"_setImagePerDeviceSize":false}},"layout":"center","_contentWidth":70},"_headerGraphic":{"_offset":{"_top":"0","_left":"0"},"_isOverridingTheme":false,"_hideOnMobile":false,"_isFloatingGraphic":false,"_position":"bottom-right"},"_backgroundImage":{"_size":"cover","_position":"center","_fixed":false,"_repeat":false},"_mobileBackgroundImage":{"_size":"cover","_position":"center","_fixed":false,"_repeat":false},"_itemsPerRowLarge":2,"_itemsPerRowMedium":2,"_shouldShowProgressBarsOnMenus":true,"_showCompletionStatusOnMenus":false,"_showCompletionStatusInFooter":false,"_isVerticalItemLayout":false,"itemCompletionText":"Complete"},"_coverMenu":{"srcAdvanced":{"_setImagePerDeviceSize":false},"_coverButtonText":"View","_shouldShowProgressBarsOnMenus":true,"nextButtonAriaLabel":"Next","prevButtonAriaLabel":"Previous","homeButtonAriaLabel":"Home"},"_mapMenu":{"_position":{"_left":50,"_top":50},"_defaultPointerWidth":0,"_menuImageWidth":1024,"_menuScrollableContainerMaxWidth":1024,"_pointerWidth":0,"_shouldShowTitleBar":true},"_playlistMenu":{"_graphic":{"srcAdvanced":{"_setImagePerDeviceSize":false}},"_backgroundImage":{"srcAdvanced":{"_setImagePerDeviceSize":false}},"_desktopBackgroundImage":{"_size":"cover","_position":"center","_fixed":false,"_repeat":false},"_mobileBackgroundImage":{"_size":"cover","_position":"center","_fixed":false,"_repeat":false},"_heroImage":{"_graphic":{"srcAdvanced":{"_setImagePerDeviceSize":false}},"_floatingGraphic":{"_offset":{"_top":"0","_left":"0"},"_position":"bottom-right","_hideOnMobile":false},"layout":"center","_contentWidth":70}},"_standardMenu":{"_heroImage":{"_graphic":{"srcAdvanced":{"_setImagePerDeviceSize":false}},"layout":"center","_contentWidth":70},"_headerGraphic":{"_offset":{"_top":"0","_left":"0"},"_isOverridingTheme":false,"_hideOnMobile":false,"_isFloatingGraphic":false,"_position":"bottom-right"},"_backgroundImage":{"_size":"cover","_position":"center","_fixed":false,"_repeat":false},"_mobileBackgroundImage":{"_size":"cover","_position":"center","_fixed":false,"_repeat":false},"_shouldShowProgressBarsOnMenus":true,"_shouldShowIconOnMenuItems":true},"_swipeMenu":{"_graphic":{"srcAdvanced":{"_setImagePerDeviceSize":false}},"_hoverGraphic":{"srcAdvanced":{"_setImagePerDeviceSize":false}},"_heroImage":{"_graphic":{"srcAdvanced":{"_setImagePerDeviceSize":false}},"layout":"center","_contentWidth":70},"_headerGraphic":{"_offset":{"_top":"0","_left":"0"},"_isOverridingTheme":false,"_hideOnMobile":false,"_isFloatingGraphic":false,"_position":"bottom-right"},"_backgroundImage":{"_size":"cover","_position":"center","_fixed":false,"_repeat":false},"_mobileBackgroundImage":{"_size":"cover","_position":"center","_fixed":false,"_repeat":false},"_shouldDisableDetailOnHover":false,"_shouldDisableItemScaling":false,"_shouldShowControlsOnBottom":false,"_shouldAlwaysShowItems":false,"_shouldShowControlsOnHover":false,"_shouldHideDisabledControl":false,"_shouldShowProgressBarsOnMenus":true,"nextButtonAriaLabel":"Next","prevButtonAriaLabel":"Previous"},"_contentLocking":{"_isEnabled":false,"_lockingType":"contentObject","_shouldDisableNotifyOnUnlock":false,"_requiredCompleteIds":[],"_requiredAmount":0},"_courseAssessment":{"_isAssessmentPage":false},"_search":{"_searchTagIds":[]},"_updatedAt":"2024-09-28T17:26:49.832Z","_refId":"66eff2d1020012736e846cce","__v":0,"_updatedBy":"66ea7f1126960b02d5ae7fcf","displayTitle":"Welcome to the Course!","htmlTitle":"Welcome to the Course!"},{"_id":"66f804340b34a167280615ad","_parentId":"66eff2d0020012736e846cc6","_courseId":"66eff2d0020012736e846cc6","_sortOrder":1,"_isEnabled":true,"_isHidden":false,"_isSnapShot":false,"_isTemplate":false,"_type":"page","_createdBy":"66ea7f1126960b02d5ae7fcf","_evolveTags":[],"title":"Outline and learning process","_graphic":{"_offset":{"_top":"0","_left":"0"},"_isOverridingTheme":false,"_hideOnMobile":false,"_isFloatingGraphic":false,"_position":"bottom-right"},"linkText":"View","isLinkIconRightPosition":false,"durationLabel":"Duration","_categories":[],"_hidePageHeader":false,"_pageCompletionMethod":"components","_completionComponentIds":[],"_heroImage":{"_graphic":{"srcAdvanced":{"_setImagePerDeviceSize":false}},"_floatingGraphic":{"_offset":{"_top":"0","_left":"0"},"_position":"bottom-right","_hideOnMobile":false},"_isEnabled":false,"layout":"center","_contentWidth":70},"_backgroundImage":{"_size":"cover","_position":"center","_fixed":false,"_repeat":false},"_mobileBackgroundImage":{"_size":"cover","_position":"center","_fixed":false,"_repeat":false},"_boxMenu":{"srcAdvanced":{"_setImagePerDeviceSize":false},"_heroImage":{"_graphic":{"srcAdvanced":{"_setImagePerDeviceSize":false}},"layout":"center","_contentWidth":70},"_headerGraphic":{"_offset":{"_top":"0","_left":"0"},"_isOverridingTheme":false,"_hideOnMobile":false,"_isFloatingGraphic":false,"_position":"bottom-right"},"_backgroundImage":{"_size":"cover","_position":"center","_fixed":false,"_repeat":false},"_mobileBackgroundImage":{"_size":"cover","_position":"center","_fixed":false,"_repeat":false},"_itemsPerRowLarge":2,"_itemsPerRowMedium":2,"_shouldShowProgressBarsOnMenus":true,"_showCompletionStatusOnMenus":false,"_showCompletionStatusInFooter":false,"_isVerticalItemLayout":false,"itemCompletionText":"Complete"},"_coverMenu":{"srcAdvanced":{"_setImagePerDeviceSize":false},"_coverButtonText":"View","_shouldShowProgressBarsOnMenus":true,"nextButtonAriaLabel":"Next","prevButtonAriaLabel":"Previous","homeButtonAriaLabel":"Home"},"_mapMenu":{"_position":{"_left":50,"_top":50},"_defaultPointerWidth":0,"_menuImageWidth":1024,"_menuScrollableContainerMaxWidth":1024,"_pointerWidth":0,"_shouldShowTitleBar":true},"_playlistMenu":{"_graphic":{"srcAdvanced":{"_setImagePerDeviceSize":false}},"_backgroundImage":{"srcAdvanced":{"_setImagePerDeviceSize":false}},"_desktopBackgroundImage":{"_size":"cover","_position":"center","_fixed":false,"_repeat":false},"_mobileBackgroundImage":{"_size":"cover","_position":"center","_fixed":false,"_repeat":false},"_heroImage":{"_graphic":{"srcAdvanced":{"_setImagePerDeviceSize":false}},"_floatingGraphic":{"_offset":{"_top":"0","_left":"0"},"_position":"bottom-right","_hideOnMobile":false},"layout":"center","_contentWidth":70}},"_standardMenu":{"_heroImage":{"_graphic":{"srcAdvanced":{"_setImagePerDeviceSize":false}},"layout":"center","_contentWidth":70},"_headerGraphic":{"_offset":{"_top":"0","_left":"0"},"_isOverridingTheme":false,"_hideOnMobile":false,"_isFloatingGraphic":false,"_position":"bottom-right"},"_backgroundImage":{"_size":"cover","_position":"center","_fixed":false,"_repeat":false},"_mobileBackgroundImage":{"_size":"cover","_position":"center","_fixed":false,"_repeat":false},"_shouldShowProgressBarsOnMenus":true,"_shouldShowIconOnMenuItems":true},"_swipeMenu":{"_graphic":{"srcAdvanced":{"_setImagePerDeviceSize":false}},"_hoverGraphic":{"srcAdvanced":{"_setImagePerDeviceSize":false}},"_heroImage":{"_graphic":{"srcAdvanced":{"_setImagePerDeviceSize":false}},"layout":"center","_contentWidth":70},"_headerGraphic":{"_offset":{"_top":"0","_left":"0"},"_isOverridingTheme":false,"_hideOnMobile":false,"_isFloatingGraphic":false,"_position":"bottom-right"},"_backgroundImage":{"_size":"cover","_position":"center","_fixed":false,"_repeat":false},"_mobileBackgroundImage":{"_size":"cover","_position":"center","_fixed":false,"_repeat":false},"_shouldDisableDetailOnHover":false,"_shouldDisableItemScaling":false,"_shouldShowControlsOnBottom":false,"_shouldAlwaysShowItems":false,"_shouldShowControlsOnHover":false,"_shouldHideDisabledControl":false,"_shouldShowProgressBarsOnMenus":true,"nextButtonAriaLabel":"Next","prevButtonAriaLabel":"Previous"},"_contentLocking":{"_isEnabled":false,"_lockingType":"contentObject","_shouldDisableNotifyOnUnlock":false,"_requiredCompleteIds":[],"_requiredAmount":0},"_courseAssessment":{"_isAssessmentPage":false},"_search":{"_searchTagIds":[]},"_createdAt":"2024-09-28T13:27:16.027Z","_updatedAt":"2024-09-28T17:30:41.059Z","_refId":"66f804340b34a167280615ad","__v":0,"_updatedBy":"66ea7f1126960b02d5ae7fcf","body":"","description":"<p>In this brief section, we&rsquo;ll introduce the core objectives of the course and outline the essential skills you&rsquo;ll gain. You&rsquo;ll get a clear understanding of what the course covers. This is your roadmap for mastering the onboarding process.</p>","displayTitle":"Outline and Learning Process"},{"_id":"66f81f540b34a16728063705","_parentId":"66eff2d0020012736e846cc6","_courseId":"66eff2d0020012736e846cc6","_sortOrder":2,"_isEnabled":true,"_isHidden":false,"_isSnapShot":false,"_isTemplate":false,"_type":"page","_createdBy":"66ea7f1126960b02d5ae7fcf","_evolveTags":[],"title":"Navigation Screen","_graphic":{"_offset":{"_top":"0","_left":"0"},"_isOverridingTheme":false,"_hideOnMobile":false,"_isFloatingGraphic":false,"_position":"bottom-right"},"linkText":"View","isLinkIconRightPosition":false,"durationLabel":"Duration","_categories":[],"_hidePageHeader":false,"_pageCompletionMethod":"components","_completionComponentIds":[],"_heroImage":{"_graphic":{"srcAdvanced":{"_setImagePerDeviceSize":false}},"_floatingGraphic":{"_offset":{"_top":"0","_left":"0"},"_position":"bottom-right","_hideOnMobile":false},"_isEnabled":false,"layout":"center","_contentWidth":70},"_backgroundImage":{"_size":"cover","_position":"center","_fixed":false,"_repeat":false},"_mobileBackgroundImage":{"_size":"cover","_position":"center","_fixed":false,"_repeat":false},"_boxMenu":{"srcAdvanced":{"_setImagePerDeviceSize":false},"_heroImage":{"_graphic":{"srcAdvanced":{"_setImagePerDeviceSize":false}},"layout":"center","_contentWidth":70},"_headerGraphic":{"_offset":{"_top":"0","_left":"0"},"_isOverridingTheme":false,"_hideOnMobile":false,"_isFloatingGraphic":false,"_position":"bottom-right"},"_backgroundImage":{"_size":"cover","_position":"center","_fixed":false,"_repeat":false},"_mobileBackgroundImage":{"_size":"cover","_position":"center","_fixed":false,"_repeat":false},"_itemsPerRowLarge":2,"_itemsPerRowMedium":2,"_shouldShowProgressBarsOnMenus":true,"_showCompletionStatusOnMenus":false,"_showCompletionStatusInFooter":false,"_isVerticalItemLayout":false,"itemCompletionText":"Complete"},"_coverMenu":{"srcAdvanced":{"_setImagePerDeviceSize":false},"_coverButtonText":"View","_shouldShowProgressBarsOnMenus":true,"nextButtonAriaLabel":"Next","prevButtonAriaLabel":"Previous","homeButtonAriaLabel":"Home"},"_mapMenu":{"_position":{"_left":50,"_top":50},"_defaultPointerWidth":0,"_menuImageWidth":1024,"_menuScrollableContainerMaxWidth":1024,"_pointerWidth":0,"_shouldShowTitleBar":true},"_playlistMenu":{"_graphic":{"srcAdvanced":{"_setImagePerDeviceSize":false}},"_backgroundImage":{"srcAdvanced":{"_setImagePerDeviceSize":false}},"_desktopBackgroundImage":{"_size":"cover","_position":"center","_fixed":false,"_repeat":false},"_mobileBackgroundImage":{"_size":"cover","_position":"center","_fixed":false,"_repeat":false},"_heroImage":{"_graphic":{"srcAdvanced":{"_setImagePerDeviceSize":false}},"_floatingGraphic":{"_offset":{"_top":"0","_left":"0"},"_position":"bottom-right","_hideOnMobile":false},"layout":"center","_contentWidth":70}},"_standardMenu":{"_heroImage":{"_graphic":{"srcAdvanced":{"_setImagePerDeviceSize":false}},"layout":"center","_contentWidth":70},"_headerGraphic":{"_offset":{"_top":"0","_left":"0"},"_isOverridingTheme":false,"_hideOnMobile":false,"_isFloatingGraphic":false,"_position":"bottom-right"},"_backgroundImage":{"_size":"cover","_position":"center","_fixed":false,"_repeat":false},"_mobileBackgroundImage":{"_size":"cover","_position":"center","_fixed":false,"_repeat":false},"_shouldShowProgressBarsOnMenus":true,"_shouldShowIconOnMenuItems":true},"_swipeMenu":{"_graphic":{"srcAdvanced":{"_setImagePerDeviceSize":false}},"_hoverGraphic":{"srcAdvanced":{"_setImagePerDeviceSize":false}},"_heroImage":{"_graphic":{"srcAdvanced":{"_setImagePerDeviceSize":false}},"layout":"center","_contentWidth":70},"_headerGraphic":{"_offset":{"_top":"0","_left":"0"},"_isOverridingTheme":false,"_hideOnMobile":false,"_isFloatingGraphic":false,"_position":"bottom-right"},"_backgroundImage":{"_size":"cover","_position":"center","_fixed":false,"_repeat":false},"_mobileBackgroundImage":{"_size":"cover","_position":"center","_fixed":false,"_repeat":false},"_shouldDisableDetailOnHover":false,"_shouldDisableItemScaling":false,"_shouldShowControlsOnBottom":false,"_shouldAlwaysShowItems":false,"_shouldShowControlsOnHover":false,"_shouldHideDisabledControl":false,"_shouldShowProgressBarsOnMenus":true,"nextButtonAriaLabel":"Next","prevButtonAriaLabel":"Previous"},"_contentLocking":{"_isEnabled":false,"_lockingType":"contentObject","_shouldDisableNotifyOnUnlock":false,"_requiredCompleteIds":[],"_requiredAmount":0},"_courseAssessment":{"_isAssessmentPage":false},"_search":{"_searchTagIds":[]},"_createdAt":"2024-09-28T15:23:00.502Z","_updatedAt":"2024-09-28T17:32:48.906Z","_refId":"66f81f540b34a16728063705","__v":0,"_updatedBy":"66ea7f1126960b02d5ae7fcf","displayTitle":"Navigation Screen","description":"<p>Use this screen to easily explore the course sections. Each module is clearly labeled, allowing you to jump to any part of the course. Follow the order or revisit topics as needed to ensure a smooth learning experience.</p>"},{"_id":"66f820d90b34a167280637e3","_parentId":"66eff2d0020012736e846cc6","_courseId":"66eff2d0020012736e846cc6","_sortOrder":3,"_isEnabled":true,"_isHidden":false,"_isSnapShot":false,"_isTemplate":false,"_type":"page","_createdBy":"66ea7f1126960b02d5ae7fcf","_evolveTags":[],"title":"Section 4. How to Set Goals for the New Employee","_graphic":{"_offset":{"_top":"0","_left":"0"},"_isOverridingTheme":false,"_hideOnMobile":false,"_isFloatingGraphic":false,"_position":"bottom-right"},"linkText":"View","isLinkIconRightPosition":false,"durationLabel":"Duration","_categories":[],"_hidePageHeader":false,"_pageCompletionMethod":"components","_completionComponentIds":[],"_heroImage":{"_graphic":{"srcAdvanced":{"_setImagePerDeviceSize":false}},"_floatingGraphic":{"_offset":{"_top":"0","_left":"0"},"_position":"bottom-right","_hideOnMobile":false},"_isEnabled":false,"layout":"center","_contentWidth":70},"_backgroundImage":{"_size":"cover","_position":"center","_fixed":false,"_repeat":false},"_mobileBackgroundImage":{"_size":"cover","_position":"center","_fixed":false,"_repeat":false},"_boxMenu":{"srcAdvanced":{"_setImagePerDeviceSize":false},"_heroImage":{"_graphic":{"srcAdvanced":{"_setImagePerDeviceSize":false}},"layout":"center","_contentWidth":70},"_headerGraphic":{"_offset":{"_top":"0","_left":"0"},"_isOverridingTheme":false,"_hideOnMobile":false,"_isFloatingGraphic":false,"_position":"bottom-right"},"_backgroundImage":{"_size":"cover","_position":"center","_fixed":false,"_repeat":false},"_mobileBackgroundImage":{"_size":"cover","_position":"center","_fixed":false,"_repeat":false},"_itemsPerRowLarge":2,"_itemsPerRowMedium":2,"_shouldShowProgressBarsOnMenus":true,"_showCompletionStatusOnMenus":false,"_showCompletionStatusInFooter":false,"_isVerticalItemLayout":false,"itemCompletionText":"Complete"},"_coverMenu":{"srcAdvanced":{"_setImagePerDeviceSize":false},"_coverButtonText":"View","_shouldShowProgressBarsOnMenus":true,"nextButtonAriaLabel":"Next","prevButtonAriaLabel":"Previous","homeButtonAriaLabel":"Home"},"_mapMenu":{"_position":{"_left":50,"_top":50},"_defaultPointerWidth":0,"_menuImageWidth":1024,"_menuScrollableContainerMaxWidth":1024,"_pointerWidth":0,"_shouldShowTitleBar":true},"_playlistMenu":{"_graphic":{"srcAdvanced":{"_setImagePerDeviceSize":false}},"_backgroundImage":{"srcAdvanced":{"_setImagePerDeviceSize":false}},"_desktopBackgroundImage":{"_size":"cover","_position":"center","_fixed":false,"_repeat":false},"_mobileBackgroundImage":{"_size":"cover","_position":"center","_fixed":false,"_repeat":false},"_heroImage":{"_graphic":{"srcAdvanced":{"_setImagePerDeviceSize":false}},"_floatingGraphic":{"_offset":{"_top":"0","_left":"0"},"_position":"bottom-right","_hideOnMobile":false},"layout":"center","_contentWidth":70}},"_standardMenu":{"_heroImage":{"_graphic":{"srcAdvanced":{"_setImagePerDeviceSize":false}},"layout":"center","_contentWidth":70},"_headerGraphic":{"_offset":{"_top":"0","_left":"0"},"_isOverridingTheme":false,"_hideOnMobile":false,"_isFloatingGraphic":false,"_position":"bottom-right"},"_backgroundImage":{"_size":"cover","_position":"center","_fixed":false,"_repeat":false},"_mobileBackgroundImage":{"_size":"cover","_position":"center","_fixed":false,"_repeat":false},"_shouldShowProgressBarsOnMenus":true,"_shouldShowIconOnMenuItems":true},"_swipeMenu":{"_graphic":{"srcAdvanced":{"_setImagePerDeviceSize":false}},"_hoverGraphic":{"srcAdvanced":{"_setImagePerDeviceSize":false}},"_heroImage":{"_graphic":{"srcAdvanced":{"_setImagePerDeviceSize":false}},"layout":"center","_contentWidth":70},"_headerGraphic":{"_offset":{"_top":"0","_left":"0"},"_isOverridingTheme":false,"_hideOnMobile":false,"_isFloatingGraphic":false,"_position":"bottom-right"},"_backgroundImage":{"_size":"cover","_position":"center","_fixed":false,"_repeat":false},"_mobileBackgroundImage":{"_size":"cover","_position":"center","_fixed":false,"_repeat":false},"_shouldDisableDetailOnHover":false,"_shouldDisableItemScaling":false,"_shouldShowControlsOnBottom":false,"_shouldAlwaysShowItems":false,"_shouldShowControlsOnHover":false,"_shouldHideDisabledControl":false,"_shouldShowProgressBarsOnMenus":true,"nextButtonAriaLabel":"Next","prevButtonAriaLabel":"Previous"},"_contentLocking":{"_isEnabled":false,"_lockingType":"contentObject","_shouldDisableNotifyOnUnlock":false,"_requiredCompleteIds":[],"_requiredAmount":0},"_courseAssessment":{"_isAssessmentPage":false},"_search":{"_searchTagIds":[]},"_createdAt":"2024-09-28T15:29:29.349Z","_updatedAt":"2024-09-29T13:15:15.454Z","_refId":"66f820d90b34a167280637e3","__v":0,"_updatedBy":"66ea7f1126960b02d5ae7fcf","displayTitle":"Section 4. How to Set Goals for the New Employee","body":"<p>Learn to set effective, achievable goals using SMART criteria. This will ensure that your new hires have a clear understanding of their roles and know what success looks like from day one.</p>"}]
