{"_id":"66eff2d0020012736e846cc6","_type":"course","title":"A Manager's Training on Effective Onboarding","_state":"editing","_isAutoState":true,"_managedByExceed":false,"_isSnapShot":false,"_isTemplate":false,"_isExceedTemplate":false,"_createdBy":"66ea7f1126960b02d5ae7fcf","_evolveTags":[],"_theme":"65a158c577e0af94f603cce5","_isRTL":false,"_isEditLocked":false,"_isLocked":false,"_isWebLinkEnabled":false,"_hasAutoVersions":false,"_autoVersionFrequency":"day","_editorIds":[],"_reviews":{"_isUnderReview":false,"_reviews":[]},"_version":{"_isVersion":false,"_isLanguageVersion":false,"_isAutoVersion":false,"_managedByExceed":false},"_navigation":{"_shouldHideMenu":false,"backToMenuText":"Back to Menu","backText":"Back to Page","dashboardText":"Dashboard","hamburgerAriaLabel":"Select this button to toggle the sidebar navigation","sidebarAriaLabel":"Tab to move through extra navigation items"},"_notify":{"_titleTextAlignment":"center","_bodyTextAlignment":"center","_iconAlignment":"center","_buttonAlignment":"center"},"_footerNav":{"_isEnabled":false,"previousButtonText":"Previous","nextButtonText":"Next","_shouldDisableTitleButtonText":false,"_shouldClearTitleFormatting":false,"pageOfText":"of","_hasHomeButton":false,"homeButtonAriaLabel":"Back to menu"},"_buttons":{"_submit":{"buttonText":"Submit"},"_reset":{"buttonText":"Reset"},"_showCorrectAnswer":{"buttonText":"Show Answer"},"_hideCorrectAnswer":{"buttonText":"Hide Answer"},"_showFeedback":{"buttonText":"Show Feedback","_isDisabled":false},"_hideFeedback":{"buttonText":"Close"},"_lightbox":{"zoomInAriaLabel":"zoom in","zoomOutAriaLabel":"zoom out","closeAriaLabel":"close"},"remainingAttemptsText":"attempts remaining","remainingAttemptText":"final attempt"},"_globals":{"_feedbackText":{"_correctGraphic":{"srcAdvanced":{"_setImagePerDeviceSize":false},"_position":"right"},"_incorrectFinalGraphic":{"srcAdvanced":{"_setImagePerDeviceSize":false},"_position":"right"},"_incorrectNotFinalGraphic":{"srcAdvanced":{"_setImagePerDeviceSize":false},"_position":"right"},"_partlyCorrectFinalGraphic":{"srcAdvanced":{"_setImagePerDeviceSize":false},"_position":"right"},"_partlyCorrectNotFinalGraphic":{"srcAdvanced":{"_setImagePerDeviceSize":false},"_position":"right"},"correctFeedback":"Correct","partlyCorrectNotFinalFeedback":"Partly correct, try again","partlyCorrectFinalFeedback":"Partly correct","incorrectNotFinalFeedback":"Incorrect, try again","incorrectFinalFeedback":"Incorrect"},"_showAnswerAria":{"correctAnswer":"The correct answer is","correctAnswers":"The correct answers are"},"_questionAttempts":{"_shouldUseGlobalAttempts":false,"_attempts":1},"correctIconAriaLabel":"correct","incorrectIconAriaLabel":"incorrect"},"_videos":{"_shouldHideFullScreenButton":false,"_shouldSubtitlesBeOnByDefault":false,"_showPlaybackRateControl":false,"transcriptTitle":"Transcript","playButtonLabel":"Play","pauseButtonLabel":"Pause","muteButtonLabel":"Mute","unMuteButtonLabel":"Unmute","audioDescriptionOnButtonLabel":"Enable descriptive audio","audioDescriptionOffButtonLabel":"Disable descriptive audio","subtitlesOnButtonLabel":"Show subtitles","subtitlesOffButtonLabel":"Hide subtitles","fullScreenOnButtonLabel":"Full screen","fullScreenOffButtonLabel":"Exit full screen","volumeSliderAriaLabel":"volume slider","seekSliderAriaLabel":"seek slider","currentTimeAriaLabel":"Elapsed time","durationAriaLabel":"Total","decreasePlaybackRateButtonAriaLabel":"Slower","increasePlaybackRateButtonAriaLabel":"Faster","playbackRateAriaLabel":"playback speed","gifPlayButtonAriaLabel":"start animation","gifStopButtonAriaLabel":"stop animation"},"_downloads":{"title":"Downloads","body":"","nameLabelText":"Name","nameRequiredText":"Name required","viewDownloadsButtonText":"View downloads","_hasCloseCourseButton":false,"closeCourseButtonText":"Close Course"},"_fonts":{"_google":[],"_installed":[]},"_pageBackgroundImage":{"_backgroundImage":{"_size":"cover","_position":"center","_fixed":false,"_repeat":false},"_mobileBackgroundImage":{"_size":"cover","_position":"center","_fixed":false,"_repeat":false}},"_pageCompletionMethod":"components","_comments":{"_isEnabled":true},"_alwaysOpenTextEditorLinksInNewWindow":true,"_learner":{"_canLearnerNameSaveToVariable":false,"_learnerNameVariableFormat":"firstnameLastname","_learnerNameVariableUpdateType":"replace","_saveExceedUserDataToVariables":false,"_exceedUserDataProperties":[]},"_setStatusBasedOn":"courseCompletion","_boxMenu":{"_heroImage":{"_graphic":{"srcAdvanced":{"_setImagePerDeviceSize":false}},"_floatingGraphic":{"_offset":{"_top":"0","_left":"0"},"_position":"bottom-right","_hideOnMobile":false},"layout":"center","_contentWidth":70},"_headerGraphic":{"_offset":{"_top":"0","_left":"0"},"_isOverridingTheme":false,"_hideOnMobile":false,"_isFloatingGraphic":false,"_position":"bottom-right"},"_backgroundImage":{"_size":"cover","_position":"center","_fixed":false,"_repeat":false},"_mobileBackgroundImage":{"_size":"cover","_position":"center","_fixed":false,"_repeat":false},"_shouldShowProgressBarsOnMenus":true,"_showCompletionStatusOnMenus":false,"_showCompletionStatusInFooter":false,"itemCompletionText":"Complete","_itemsPerRowLarge":2,"_itemsPerRowMedium":2,"_isVerticalItemLayout":false,"_menuContentItems":[]},"_coverMenu":{"srcAdvanced":{"_setImagePerDeviceSize":false},"_coverButtonText":"View","_shouldShowProgressBarsOnMenus":true,"nextButtonAriaLabel":"Next","prevButtonAriaLabel":"Previous","homeButtonAriaLabel":"Home"},"_mapMenu":{"_defaultPointerWidth":0,"_menuImageWidth":1024,"_menuScrollableContainerMaxWidth":1024,"_closeButtonText":"Close","_shouldShowTitleBar":true},"_playlistMenu":{"_backgroundImage":{"srcAdvanced":{"_setImagePerDeviceSize":false}},"_desktopBackgroundImage":{"_size":"cover","_position":"center","_fixed":false,"_repeat":false},"_mobileBackgroundImage":{"_size":"cover","_position":"center","_fixed":false,"_repeat":false},"_heroImage":{"_graphic":{"srcAdvanced":{"_setImagePerDeviceSize":false}},"_floatingGraphic":{"_offset":{"_top":"0","_left":"0"},"_position":"bottom-right","_hideOnMobile":false},"layout":"center","_contentWidth":70},"_fullPlaylist":"Full Playlist","allText":"All","_shouldShowProgressBarsOnMenus":true},"_standardMenu":{"_heroImage":{"_graphic":{"srcAdvanced":{"_setImagePerDeviceSize":false}},"_floatingGraphic":{"_offset":{"_top":"0","_left":"0"},"_position":"bottom-right","_hideOnMobile":false},"layout":"center","_contentWidth":70},"_headerGraphic":{"_offset":{"_top":"0","_left":"0"},"_isOverridingTheme":false,"_hideOnMobile":false,"_isFloatingGraphic":false,"_position":"bottom-right"},"_backgroundImage":{"_size":"cover","_position":"center","_fixed":false,"_repeat":false},"_mobileBackgroundImage":{"_size":"cover","_position":"center","_fixed":false,"_repeat":false},"_shouldShowProgressBarsOnMenus":true,"_shouldShowIconOnMenuItems":true,"_menuContentItems":[]},"_swipeMenu":{"_heroImage":{"_graphic":{"srcAdvanced":{"_setImagePerDeviceSize":false}},"_floatingGraphic":{"_offset":{"_top":"0","_left":"0"},"_position":"bottom-right","_hideOnMobile":false},"layout":"center","_contentWidth":70},"_headerGraphic":{"_offset":{"_top":"0","_left":"0"},"_isOverridingTheme":false,"_hideOnMobile":false,"_isFloatingGraphic":false,"_position":"bottom-right"},"_backgroundImage":{"_size":"cover","_position":"center","_fixed":false,"_repeat":false},"_mobileBackgroundImage":{"_size":"cover","_position":"center","_fixed":false,"_repeat":false},"_shouldDisableDetailOnHover":false,"_shouldDisableItemScaling":false,"_shouldShowControlsOnBottom":false,"_shouldAlwaysShowItems":false,"_shouldPartiallyShowNextItem":false,"_shouldShowControlsOnHover":false,"_shouldHideDisabledControl":false,"_shouldShowProgressBarsOnMenus":true,"nextButtonAriaLabel":"Next","prevButtonAriaLabel":"Previous","_menuContentItems":[]},"_about":{"_heroImage":{"_graphic":{"srcAdvanced":{"_setImagePerDeviceSize":false}},"_floatingGraphic":{"_offset":{"_top":"0","_left":"0"},"_position":"bottom-right","_hideOnMobile":false},"_isEnabled":false,"layout":"center","_contentWidth":70},"_isEnabled":false,"title":"About","_navigationIcon":"question","_headerIcon":"question","_aboutContentItems":[]},"_achievements":{"_points":{"_isEnabled":false,"pointsName":"Points","pointsLabel":"XP","_defaultPoints":150},"_lives":{"_isEnabled":false,"livesName":"Lives","livesLabel":"Lives","_totalLives":3,"_shouldResetCourseOnZeroLives":false},"_stars":{"_isEnabled":false,"starsName":"Stars","starsLabel":"Stars","starsToCollectLabel":"Stars to collect","starsMissedLabel":"Stars missed"},"_badges":{"_isEnabled":false,"badgesName":"Badges","badgesLabel":"Badges","badgeNotifyTitle":"You earned a badge!","_items":[]},"_heroImage":{"_graphic":{"srcAdvanced":{"_setImagePerDeviceSize":false}},"_floatingGraphic":{"_offset":{"_top":"0","_left":"0"},"_position":"bottom-right","_hideOnMobile":false},"_isEnabled":false,"layout":"center","_contentWidth":70},"_isEnabled":false,"title":"Achievements","_showTopNavigationAchievements":true,"_showSideNavigationAchievements":true},"_additionalContent":{"_isEnabled":false,"_contentItems":[]},"_articleIndicator":{"_isEnabled":false,"_isOnLeftSide":false},"_bookShelf":{"_heroImage":{"_graphic":{"srcAdvanced":{"_setImagePerDeviceSize":false}},"_floatingGraphic":{"_offset":{"_top":"0","_left":"0"},"_position":"bottom-right","_hideOnMobile":false},"_isEnabled":false,"layout":"center","_contentWidth":70},"_isEnabled":false,"title":"Bookshelf","noItemsText":"Sorry, there are no items in your bookshelf - please add some by clicking on the 'Bookshelf' button during the course.","viewButtonText":"View Bookshelf"},"_bookmarking":{"_isEnabled":false,"_notificationTitle":"This course is in progress","_notificationBody":"Would you like to be returned to your previous location in the course?","_notificationConfirm":"Yes","_notificationCancel":"No","_isRetakeAssessmentNotificationEnabled":false,"_retakeAssessmentNotificationTitle":"This assessment has been completed","_retakeAssessmentNotificationBody":"Do you want to retake the assessment?"},"_branding":{"_logos":{"_primaryLogo":{"alignment":"left","_isLocatedInFooter":false},"_secondaryLogo":{"alignment":"right","_isLocatedInFooter":false}},"_isEnabled":false,"_shouldPlaceFooterLogosWithCopyright":false},"_certificate":{"_isEnabled":false,"_isComplete":false,"_obtainmentMethod":"Course Attainment","_hideDialog":false,"title":"Certificate","achievedText":"You have achieved the course certificate, click download certificate","notAchievedText":"You have not yet achieved the course certificate","downloadButtonText":"Download certificate","fileName":"Certificate","nameLabel":"Name:","dateLabel":"Date awarded:","_dateFormat":"DD/MM/YYYY","_orientation":"portrait"},"_contentLocking":{"_isEnabled":false,"unlockedNotifyMessage":"Unlocked"},"_courseAssessment":{"_heroImage":{"_graphic":{"srcAdvanced":{"_setImagePerDeviceSize":false}},"_floatingGraphic":{"_offset":{"_top":"0","_left":"0"},"_position":"bottom-right","_hideOnMobile":false},"_isEnabled":false,"layout":"center","_contentWidth":70},"_retakeNavigationLink":{"_isEnabled":false},"_isEnabled":false,"_shouldIncludeAllQuestions":false,"_shouldDisableQuestionFeedback":false,"_shouldDisableShowAnswer":false,"_shouldDisableAssessmentCompletedPopup":false,"_showAssessmentLinkInPopup":true,"_shouldDisplayOverviewInPopup":false,"_shouldShowRetakeAssessmentInPopup":false,"_shouldHideMarking":false,"_shouldHideBreakdown":false,"_showBreakdownInCompletionOrder":false,"_showScoreAsPercentage":true,"_showQuestionsCompleted":true,"_showQuestionsCorrect":true,"_showAttemptsTaken":true,"title":"Assessment","_passPercentage":60,"scoreText":"Your score:","noResultsText":"Sorry - there's no results just yet. Try answering some questions so we can assess your ability.","resultsOverviewTitle":"Assessment Overview","resultsBreakdownTitle":"Breakdown","progressDescription":"Assessment Progress","resultsComponentNotCompleteText":"Not complete","resultsViewDetailedBreakdownText":"View Detail","resultsViewComponentText":"View component","resultsBreakdownQuestionsCompletedText":"Completed","resultsViewDetailedBreakdownCorrectText":"Correct","resultsViewDetailedBreakdownIncorrectText":"Incorrect","resultsQuestionsCorrect":"Questions Correct","resultsBreakdownAttemptsTakenText":"Attempts taken","resultsViewAverageAttemptsTakenText":"Average Attempts Taken","resultsBreakdownFeedbackButton":"Show Feedback","incompleteFeedback":"The assessment is not yet complete; here's how you are doing so far:","_canBeRetaken":false,"_retakeAttempts":1,"_allowUnlimitedRetakeAttempts":false,"_shouldHideRetakeOnAssessmentPassed":false,"_onlyResetIncorrect":false,"retakeAssessmentButtonText":"Retake Assessment","retakeAssessmentNotifyTitle":"Retake Assessment","retakeAssessmentNotifyBody":"Are you sure you want to retake this assessment? Clicking 'Yes' will reset your answers.","retakeAssessmentNotifyConfirmButtonText":"Yes","retakeAssessmentNotifyCancelButtonText":"Cancel","retakeAttemptsPrefixText":"Retakes taken","completionNotifyTitle":"Course assessment complete","_hasCloseCourseButton":false,"_closeCourseButtonText":"Close Course","_retakeNavigation":"COURSE","_canSaveToVariable":false,"_canSaveToVariableOnScoreChange":false,"_variableUpdateType":"replace"},"_courseAttainment":{"_heroImage":{"_graphic":{"srcAdvanced":{"_setImagePerDeviceSize":false}},"_floatingGraphic":{"_offset":{"_top":"0","_left":"0"},"_position":"bottom-right","_hideOnMobile":false},"_isEnabled":false,"layout":"center","_contentWidth":70},"title":"Course Attainment","_isEnabled":false,"_attainmentMethod":"blocks","_shouldHideNotificationPopup":false,"completionTitle":"Course attained","completionNotifyTitle":"Course attained","_shouldHideSummaryAndIcon":false,"_shouldCloseWindowOnCourseAttained":false,"_shouldHidePromptDismissButton":false,"_shouldUseCorrectQuestions":false,"closeWindowText":"Close window","_navigationIcon":"license2","_headerIcon":"license2","_notifyIcon":"license2","_canSaveToVariable":false,"_variableUpdateType":"replace"},"_courseNavigation":{"_isEnabled":true,"homeText":"Home","icon":"document2","_isOnRightSide":false,"_trimTitles":false,"courseNavigationAriaLabel":"Select this button to toggle the course navigation sidebar","courseNavigationSidebarAriaLabel":"Tab to move through the course items"},"_glossary":{"_heroImage":{"_graphic":{"srcAdvanced":{"_setImagePerDeviceSize":false}},"_floatingGraphic":{"_offset":{"_top":"0","_left":"0"},"_position":"bottom-right","_hideOnMobile":false},"_isEnabled":false,"layout":"center","_contentWidth":70},"_isEnabled":false,"title":"Glossary","searchPlaceholder":"Search...","searchWithinDescriptionLabel":"Search within Description","itemNotFoundMessage":"No items found - try searching again","_glossaryItems":[]},"_googleAnalytics":{"_isEnabled":false,"_attributeItems":[]},"_hint":{"_isEnabled":false,"hintButtonAriaLabel":"show hint"},"_localStorage":{"_isEnabled":false,"_shouldResetUsingBookMarking":false},"_pageIndicator":{"_isEnabled":false,"_isInteractionDisabled":false},"_progress":{"_isEnabled":false,"_showComponentProgress":false,"_showCourseExitButton":false,"_useTitleIfNoDisplayTitle":false,"_alwaysUseInternalTitle":false,"courseExitButtonText":"Exit course","progressAriaLabel":"Select this button to toggle the progress sidebar","progressSidebarAriaLabel":"Tab to move through the page items","itemCompleteAriaLabel":"Completed","itemIncompleteAriaLabel":"Incomplete","_progressNavigationItemIcon":"list3","_isOnRightSide":true,"_displayAsStickNav":false},"_questionBanks":{"_isEnabled":false,"_banks":[]},"_reflection":{"_fontSizes":{"customTitle":32,"downloadsTitle":18,"reflectionMessage":11,"name":11,"date":11,"itemTitle":11,"itemBody":11,"componentDisplayTitle":11,"componentBody":11,"componentQuestion":11,"componentAnswer":11,"footer":11},"_alignmentSettings":{"customTitle":"center","downloadsTitle":"left","reflectionMessage":"left","name":"left","date":"left","itemTitle":"left","itemBody":"left","componentDisplayTitle":"left","componentBody":"left","componentQuestion":"left","componentAnswer":"left","footer":"left"},"_isEnabled":false,"_isComplete":false,"_obtainmentMethod":"Course Attainment","_hideDialog":false,"title":"Reflection","_isHtmlFormat":false,"_shouldNotShowDownloadsTitleInReflection":false,"_shouldNotShowLearnerName":false,"_onlyShowCompleted":false,"_shouldRenderItemsAfterComponents":false,"_displayComponentDisplayTitle":false,"_displayComponentBody":false,"_displayComponentInstruction":true,"fileName":"Reflection","downloadAvailableText":"Reflection is available to download","downloadNotAvailableText":"Reflection is not yet available to download","downloadButtonText":"Download reflection","reflectionMessage":"","nameLabel":"Name:","dateLabel":"Date created:","_dateFormat":"DD/MM/YYYY","printHtmlLabel":"Print","printHtmlInstruction":"To save this document as a PDF select Print then choose 'Save to PDF' as the Destination (macOS) or 'Microsoft Print to PDF' as the Printer (Windows).","_items":[]},"_resources":{"_filterButtons":{"all":"All","document":"Documents","media":"Media","link":"Links"},"_heroImage":{"_graphic":{"srcAdvanced":{"_setImagePerDeviceSize":false}},"_floatingGraphic":{"_offset":{"_top":"0","_left":"0"},"_position":"bottom-right","_hideOnMobile":false},"_isEnabled":false,"layout":"center","_contentWidth":70},"_isEnabled":false,"_shouldDisableNavigationSideItem":false,"title":"Resources","_resourcesItems":[]},"_scrollProgress":{"_isEnabled":false,"_displayOnMenus":false,"_displayOnExtensions":false,"_canReadFromVariable":false,"_maxVariableValue":0},"_search":{"_searchableContent":{"component":true,"block":true,"article":true,"page":true,"menu":true,"extension":true},"_isEnabled":false,"title":"Search","searchInputPlaceholder":"Search course...","searchAriaLabel":"Select this button to toggle the search side panel","searchInputAriaLabel":"","searchSidePanelAriaLabel":"","noResultsText":"No search results","tagsLabelText":"Tags","menuFilterLabelText":"Menu","resourcesLabelText":"Resource","_searchNavigationItemIcon":"magnifier","_isOnRightSide":true,"_isTokenized":false,"_isSearchTagsEnabled":false,"_isMenuFilterEnabled":false,"_isResourcesEnabled":false,"_shouldSyncMenuFilter":false,"_shouldDisplayParentPage":false,"_shouldUseTitleIfNoDisplayTitle":false,"_searchTagIds":[],"_tags":[],"_resources":[]},"_stamps":{"_isEnabled":false,"_width":200,"_top":-100,"_right":-100},"_tags":{"_heroImage":{"_graphic":{"srcAdvanced":{"_setImagePerDeviceSize":false}},"_floatingGraphic":{"_offset":{"_top":"0","_left":"0"},"_position":"bottom-right","_hideOnMobile":false},"_isEnabled":false,"layout":"center","_contentWidth":70},"_isEnabled":false,"title":"Tags","overviewTitle":"Overview","radarTitle":"Current Performance","_isFilteredEnabled":false,"_tagsList":[]},"_videoIntro":{"_videoStream":{"_options":{"_wistiaOptions":{"autoPlay":false,"controlsVisibleOnLoad":true,"fullscreenButton":true,"playbackRateControl":true,"playbar":true,"playButton":true,"playerColor":"#5fbbff","qualityControl":true,"settingsControl":true,"smallPlayButton":true,"volumeControl":true,"endVideoBehavior":"default"},"_isAutoPlay":false,"_isLoop":false,"_isKeyboardDisabled":false,"_modestBranding":false,"_isShowClosedCaptions":false,"_isAllowFullscreen":true,"_isLightTheme":false,"_shouldUseWistiaOptions":false},"_service":"youtube"},"_isEnabled":false,"_useVideoStream":false,"_shouldShowFullScreen":false,"_shouldCropVideo":false,"_closeButtonText":"Close","_shouldOnlyDisplayOnMenu":false,"_isFullScreenCloseButtonAtBottom":false,"_shouldEnableCloseButtonOnPlay":false},"_createdAt":"2024-09-22T10:34:56.996Z","_updatedAt":"2024-10-03T07:06:00.778Z","_categories":[],"_categoryGroups":[],"_dialogs":[],"_refId":"66eff2d0020012736e846cc6","_relId":"66eff2d0020012736e846cc6","__v":0,"_updatedBy":"66ea7f1126960b02d5ae7fcf","_publishedAt":"2024-10-03T07:05:47.176Z","_publishedBy":"66ea7f1126960b02d5ae7fcf"}
