[{"_id":"66f821170b34a16728063869","title":"Trigger 1","conditions":[{"contentIds":["66fe3f3d0b34a1672879b267"],"comparisons":[],"_id":"66fe3f690b34a1672879b352"}],"actions":[{"actionType":"NAVIGATE_TO_PAGE","payload":{"contentId":"66f804340b34a167280615ad"},"delay":500,"_id":"66f821170b34a1672806386b"}],"_isEnabled":true,"_courseId":"66eff2d0020012736e846cc6","_type":"trigger","_createdBy":"66ea7f1126960b02d5ae7fcf","_sortOrder":0,"_isSnapShot":false,"_isTemplate":false,"_createdAt":"2024-09-28T15:30:31.544Z","_updatedAt":"2024-10-03T06:54:28.231Z","_refId":"66f821170b34a16728063869","__v":0,"_updatedBy":"66ea7f1126960b02d5ae7fcf","event":"actionButtonClicked"},{"_id":"66f983a90b34a16728069f17","title":"Trigger 2","conditions":[{"contentIds":["66fe40780b34a1672879b516"],"comparisons":[],"_id":"66fe40540b34a1672879b4a1"}],"actions":[{"actionType":"NAVIGATE_TO_PAGE","payload":{"contentId":"66f81f540b34a16728063705"},"delay":1000,"_id":"66f983a90b34a16728069f19"}],"_isEnabled":true,"_courseId":"66eff2d0020012736e846cc6","_type":"trigger","_createdBy":"66ea7f1126960b02d5ae7fcf","_sortOrder":1,"_isSnapShot":false,"_isTemplate":false,"_createdAt":"2024-09-29T16:43:21.664Z","_updatedAt":"2024-10-03T06:58:54.168Z","_refId":"66f983a90b34a16728069f17","__v":0,"_updatedBy":"66ea7f1126960b02d5ae7fcf","event":"actionButtonClicked"},{"_id":"66f983e60b34a16728069f80","title":"Trigger 3","conditions":[{"contentIds":["66f83aa80b34a16728063cc8"],"comparisons":[],"_id":"66f984010b34a16728069f9a"}],"actions":[{"actionType":"NAVIGATE_TO_PAGE","payload":{"contentId":"66f820d90b34a167280637e3"},"delay":1000,"_id":"66f983e60b34a16728069f82"}],"_isEnabled":true,"_courseId":"66eff2d0020012736e846cc6","_type":"trigger","_createdBy":"66ea7f1126960b02d5ae7fcf","_sortOrder":2,"_isSnapShot":false,"_isTemplate":false,"_createdAt":"2024-09-29T16:44:22.001Z","_updatedAt":"2024-09-29T16:45:14.336Z","_refId":"66f983e60b34a16728069f80","__v":0,"_updatedBy":"66ea7f1126960b02d5ae7fcf","event":"actionButtonClicked"},{"_id":"66f9841d0b34a16728069ff6","title":"Trigger 4","conditions":[{"contentIds":["66fe37f80b34a16728798b5f"],"comparisons":[],"_id":"66fe39bd0b34a167287993fa"}],"actions":[{"actionType":"SHOW_HIDDEN_ARTICLES","payload":{"contentIds":["66f95b4f0b34a16728068525"]},"delay":500,"_id":"66f9841d0b34a16728069ff8"}],"_isEnabled":true,"_courseId":"66eff2d0020012736e846cc6","_type":"trigger","_createdBy":"66ea7f1126960b02d5ae7fcf","_sortOrder":3,"_isSnapShot":false,"_isTemplate":false,"_createdAt":"2024-09-29T16:45:17.015Z","_updatedAt":"2024-10-03T06:36:34.838Z","_refId":"66f9841d0b34a16728069ff6","__v":0,"_updatedBy":"66ea7f1126960b02d5ae7fcf","event":"actionButtonClicked"},{"_id":"66fe3b460b34a16728799a54","title":"Trigger 5","conditions":[{"contentIds":["66fe3a660b34a167287995b2"],"comparisons":[],"_id":"66fe3b4a0b34a16728799ab0"}],"actions":[{"actionType":"SHOW_HIDDEN_ARTICLES","payload":{"contentIds":["66f96c070b34a167280686c4"]},"delay":500,"_id":"66fe3b460b34a16728799a56"}],"_isEnabled":true,"_courseId":"66eff2d0020012736e846cc6","_type":"trigger","_createdBy":"66ea7f1126960b02d5ae7fcf","_sortOrder":4,"_isSnapShot":false,"_isTemplate":false,"_createdAt":"2024-10-03T06:35:50.267Z","_updatedAt":"2024-10-03T06:36:29.399Z","_refId":"66fe3b460b34a16728799a54","__v":0,"_updatedBy":"66ea7f1126960b02d5ae7fcf","event":"actionButtonClicked"},{"_id":"66fe3c3a0b34a1672879a488","title":"Trigger 6","conditions":[{"contentIds":["66fe3c0a0b34a1672879a20c"],"comparisons":[],"_id":"66fe3c3f0b34a1672879a4b2"}],"actions":[{"actionType":"SHOW_HIDDEN_ARTICLES","payload":{"contentIds":["66fe37930b34a16728798a8a"]},"delay":500,"_id":"66fe3c3a0b34a1672879a48a"}],"_isEnabled":true,"_courseId":"66eff2d0020012736e846cc6","_type":"trigger","_createdBy":"66ea7f1126960b02d5ae7fcf","_sortOrder":5,"_isSnapShot":false,"_isTemplate":false,"_createdAt":"2024-10-03T06:39:54.319Z","_updatedAt":"2024-10-03T06:40:19.146Z","_refId":"66fe3c3a0b34a1672879a488","__v":0,"_updatedBy":"66ea7f1126960b02d5ae7fcf","event":"actionButtonClicked"},{"_id":"66fe3c550b34a1672879a598","title":"Trigger 7","conditions":[{"contentIds":["66fe3cb90b34a1672879a75e"],"comparisons":[],"_id":"66fe3ce40b34a1672879a8a4"}],"actions":[{"actionType":"SHOW_HIDDEN_ARTICLES","payload":{"contentIds":["66f97c080b34a16728069a71"]},"delay":500,"_id":"66fe3c550b34a1672879a59a"}],"_isEnabled":true,"_courseId":"66eff2d0020012736e846cc6","_type":"trigger","_createdBy":"66ea7f1126960b02d5ae7fcf","_sortOrder":6,"_isSnapShot":false,"_isTemplate":false,"_createdAt":"2024-10-03T06:40:21.378Z","_updatedAt":"2024-10-03T06:43:01.501Z","_refId":"66fe3c550b34a1672879a598","__v":0,"_updatedBy":"66ea7f1126960b02d5ae7fcf","event":"actionButtonClicked"}]
